0,0.00082143,0.018137,0.0094136,0.0016429,0.0032857,0.0032857,0.001302,0,0,0,0.00082143,0.0016429,0.082143,0.9964
0,0,0.13992,0.043203,0.012344,0.049375,0.024688,0.0010184,0,0,0,0,0.012344,0.9875,0.0061719
0,0,0.10503,0.0062137,0.0035507,0.014203,0.014203,0.0044384,0,0,0,0.0035507,0.0071014,0.99419,0.0035507
1,0,0.78305,0.41556,0.036135,0.18068,0.10841,0,0.036135,0.036135,0.39749,0.036135,0.072271,0,0.036135
1,0.0058107,0.1172,0.047473,0.011621,0.034864,0.023243,0.011389,0.0058107,0.0058107,0.081349,0,0.011621,0.34864,0.9239
1,0,0.15525,0.0057375,0.019615,0.078461,0.078461,0.014711,0.0098076,0.0098076,0.019615,0,0.019615,0.98076,0.0098076
0,0.0083975,0.14628,0.054584,0.016795,0.025193,0.03359,0.0010497,0,0,0,0,0.016795,0.50385,0.84815
1,0,0.10367,0.0078809,0.003534,0.019437,0.014136,0.0053717,0.001767,0.001767,0.010602,0,0.003534,0.075982,0.9913
0,0.0017642,0.049099,0.0017642,0.0017642,0.0035285,0.014114,0.0052927,0,0,0,0,0.0035285,0.31051,0.94916
0,0,0.44206,0.05614,0.015859,0.031717,0.063435,0.053523,0.0079293,0.0079293,0.023788,0.0079293,0.015859,0.79293,0.4044
1,0.0011169,0.037417,0.0019546,0.0022338,0.015637,0.0089353,0.0050261,0.0011169,0.0011169,0.0044677,0.0011169,0.0022338,0.28258,0.95831
1,0.0021181,0.087731,0.01059,0.0042362,0.023299,0.016945,0.01059,0.0021181,0.0021181,0.012709,0.0021181,0.0042362,0.9955,0.0021181
0,0.0039315,0.081264,0.0049143,0.0039315,0.031452,0.031452,0.0054058,0.0039315,0.0039315,0.011794,0.0039315,0.007863,0.55041,0.82954
1,0.0009982,0.034857,0.004991,0.0019964,0.013975,0.0079856,0.0074865,0.0009982,0.0009982,0.0059892,0.0009982,0.0019964,0,0.9992
0,0.0030724,0.17998,0.0083262,0.0061448,0.024579,0.01229,0.0074199,0,0,0,0.0030724,0.0061448,0.98317,0.0030724
1,0.00037155,0.017864,0.0022441,0.0007431,0.0014862,0.0014862,1.4862e-05,0,0,0,0,0.0007431,0,0.99984
1,0.0030156,0.089201,0.01357,0.0060312,0.02714,0.012062,0.022617,0.0030156,0.0030156,0.0060312,0.0030156,0.0060312,0.99514,0.0030156
1,0,0.03159,0.015027,0.0033393,0.010018,0.0066786,0.0012522,0.0016697,0.0016697,0.0033393,0,0.0033393,0.14693,0.98843
0,0.0070597,0.14119,0.0088246,0.0070597,0.028239,0.028239,0.00088246,0,0,0,0,0.014119,0.98836,0.035298
1,0,0.0068759,0.0017374,0.00061337,0.0033735,0.0012267,0.00079278,0.00030669,0.00030669,0.0021468,0,0.00061337,0.039562,0.99918
0,0,0.027126,0.00056331,0.0019259,0.0057776,0.0038517,3.8517e-05,0,0,0,0,0.0019259,0.25036,0.96774
0,0,0.11882,0.0036261,0.0061984,0.03719,0.024794,0.0036261,0.0061984,0,0,0.0061984,0.012397,0.99174,0.0061984
0,0.0057782,0.23789,0.007714,0.011556,0.011556,0.023113,0.00095341,0,0,0,0,0.011556,0.97075,0.0057782
0,0.006044,0.25131,0.010577,0.012088,0.024176,0.024176,0.0012692,0.006044,0,0,0,0.012088,0.96704,0.006044
0,0.0027721,0.054055,0.02657,0.0055441,0.016632,0.011088,0.0021899,0,0,0,0,0.0055441,0.22177,0.97299
1,0.027116,0.88804,0.040674,0.054231,0.3525,0.21693,0.14914,0.027116,0.027116,0.081347,0.027116,0.054231,0,0.027116
0,0.0046837,0.10538,0.00058546,0.0046837,0.018735,0.018735,0.00058546,0,0,0,0,0.0093674,0.93674,0.33254
1,5.5466e-05,0.0018398,0.00016862,5.5466e-05,0.00044373,0.00044373,0.00011315,5.5466e-05,5.5466e-05,5.5466e-05,5.5466e-05,0.00011093,0.009984,0.99995
1,0,0.13719,0.053677,0.0089461,0.035784,0.017892,0.0089461,0.004473,0.004473,0.004473,0,0.0089461,0.98407,0.089461
1,0.00045746,0.010558,0.0011436,0.00091491,0.0036597,0.0018298,0.00049634,0.00045746,0.00045746,0.005032,0.00045746,0.00091491,0.027447,0.99954
1,0.0028743,0.077606,0.0021557,0.0057486,0.022994,0.022994,0.012216,0.0028743,0.0028743,0.0086229,0.0028743,0.0057486,0.89678,0.43402
0,0,0.12763,0.065627,0.0062502,0.087503,0.050002,0,0,0,0,0.0062502,0.0125,0.96253,0.20626
0,0.0043369,0.22695,0.0059632,0.0043369,0.034695,0.034695,0.041027,0.0043369,0,0,0.0043369,0.0086738,0.86738,0.43803
1,0.0024524,0.056601,0.028203,0.0049048,0.022072,0.019619,0.0052113,0.0024524,0.0024524,0.026976,0.0024524,0.0049048,0.71119,0.69893
0,0.0026843,0.11497,0.0033554,0.0053687,0.01879,0.010737,0.037245,0,0.0026843,0.0026843,0.0026843,0.0053687,0.94489,0.30333
0,0.0027748,0.20764,0.052721,0.0027748,0.0027748,0.0027748,0.00011099,0,0.0027748,0.0055496,0,0.0055496,0,0.97673
1,0.02827,0.70675,0.35338,0.05654,0.16962,0.11308,0.08481,0.02827,0,0,0.02827,0.02827,0.5654,0.02827
1,0.012056,0.47716,0.16775,0.024111,0.1085,0.048222,0.10398,0.012056,0.012056,0.072333,0.012056,0.024111,0.84389,0.012056
1,0,0.037837,0.0063391,0.0015848,0.0063391,0.0031696,0.0062401,0.00079239,0.00079239,0.0047543,0.00079239,0.0015848,0,0.9992
1,0,0.026596,0.0016826,0.0011217,0.007852,0.0022434,0.0077819,0.00056085,0.00056085,0.0011217,0.00056085,0.0011217,0.29108,0.95626
1,0.036939,0.85589,0,0.073879,0.48021,0.14776,0.0031399,0.036939,0,0,0,0.073879,0,0.036939
0,0.0071437,0.1613,0.010716,0.0071437,0.042862,0.028575,0.0038576,0,0,0,0.0071437,0.014287,0.85724,0.48577
1,0.00018871,0.005048,0.0002123,0.00037742,0.002642,0.0015097,0.00023589,0.00018871,0,0,0,0.00037742,0,0.99998
0,0.0052333,0.33142,0.002826,0.010467,0.041866,0.020933,0.0030615,0.0052333,0.0052333,0.0157,0.0052333,0.010467,0.94199,0.0052333
0,0.0076498,0.18168,0.0031747,0.0076498,0.061199,0.030599,0.00030599,0,0.0076498,0.0153,0,0.0153,0.97918,0.053549
1,0,0.37328,0.18439,0.035978,0.19788,0.071957,0.012772,0.017989,0.017989,0.035978,0.017989,0.035978,0.88147,0.017989
0,0,0.18204,0.013003,0.0074302,0.059442,0.029721,0.001226,0,0,0,0,0.01486,0.98079,0.0074302
1,0.05334,0.86251,0.0021336,0.10668,0.42672,0.21336,0.0021336,0,0,0,0,0.10668,0,0.05334
0,0,0.11405,0.007732,0.003866,0.03866,0.030928,0.007732,0,0,0,0,0.007732,0.9897,0.069588
1,0,0.023994,0.0068127,0.00090837,0.0036335,0.0018167,0.002498,0.00045418,0.00045418,0.0063586,0,0.00090837,0,0.99966
0,0.0042669,0.13795,0.014934,0.0085339,0.017068,0.017068,0.0021335,0,0,0,0.0042669,0.0085339,0.98993,0.0042669
0,0.0057409,0.12102,0.023681,0.0057409,0.017223,0.045927,0.00022964,0,0,0,0,0.011482,0.80373,0.57983
0,0.00047342,0.013336,5.9178e-05,0.00047342,0.0018937,0.0018937,4.0241e-05,0,0,0,0,0.00094685,0.10226,0.99466
0,0.0087539,0.16632,0.015319,0.0087539,0.070031,0.035016,0.02044,0,0,0,0.0087539,0.017508,0.98044,0.061277
0,0.0027001,0.07447,0.0087755,0.0027001,0.029702,0.021601,0.01373,0,0.0027001,0.0054003,0.0027001,0.0054003,0.99635,0.0054003
1,0.0022902,0.063735,0.0034352,0.0045803,0.020611,0.0091607,0.0045803,0.0022902,0.0022902,0.025192,0.0022902,0.0045803,0.99393,0.082446
1,0.0019892,0.079567,0.01293,0.0039783,0.011935,0.0099459,0.0069621,0.0019892,0.0019892,0.0019892,0,0.0039783,0,0.99658
0,0,0.1035,0.0069314,0.0055451,0.0083176,0.02218,0.00058223,0,0,0,0,0.0055451,0.72086,0.68482
1,0.00069223,0.02942,0.0034023,0.00069223,0.0062301,0.0027689,0.0021909,0.00069223,0,0,0.00069223,0.0013845,0.035996,0.99889
1,0.0047965,0.2722,0.058757,0.009593,0.033575,0.019186,0.0059956,0.0047965,0.0047965,0.019186,0.0047965,0.009593,0.9593,0.0047965
0,0.0067698,0.29225,0.033849,0.01354,0.020309,0.033849,0.015232,0,0,0,0.0067698,0.01354,0.95454,0.0067698
0,0,0.098364,0.0029406,0.0082833,0.037275,0.016567,0.0010354,0,0.0041417,0.0041417,0.0041417,0.0082833,0.994,0.020708
1,0.0030804,0.056987,0.0061607,0.0061607,0.0092411,0.012321,0.0046205,0.0030804,0.0030804,0.0061607,0,0.0061607,0.36964,0.92719
0,0,0.035176,0.0030153,0.001723,0.0025846,0.0043076,0.00043076,0,0,0,0,0.00086152,0.99936,0.00086152
1,0,0.028107,0.00057361,0.0022944,0.012619,0.0091777,0.0017208,0.0011472,0,0,0,0.0022944,0.32122,0.94645
1,0.021039,0.88363,0.20597,0.042078,0.29454,0.16831,0.16747,0.021039,0.021039,0.16831,0,0.042078,0,0.021039
0,0,0.051222,0.00043342,0.0052536,0.028895,0.010507,0.00010507,0,0,0,0.0026268,0.0052536,0.99818,0.0026268
0,0.0080604,0.1733,0.092694,0.016121,0.024181,0.032242,0.0040302,0.0080604,0,0,0.0080604,0.016121,0.80604,0.55617
0,0.0043191,0.13497,0.012245,0.0086382,0.0043191,0.0043191,0,0,0.0043191,0.021595,0,0.0086382,0.76016,0.6349
1,0.0010841,0.029542,0.0017183,0.0021683,0.014094,0.008673,0.0019894,0.0010841,0.0010841,0.01301,0.0010841,0.0021683,0.63205,0.77407
0,0.018016,0.87826,0.47444,0.018016,0.018016,0.018016,0,0.018016,0,0,0.018016,0.036031,0,0.018016
0,0,0.64184,0.029012,0.042199,0.18989,0.16879,0.00084397,0,0.021099,0.063298,0,0.042199,0,0.71738
0,0.00494,0.14534,0.006175,0.00988,0.04446,0.01976,0.008645,0,0,0,0,0.00988,0.988,0.00494
1,0.0067748,0.19139,0.034145,0.0067748,0.054198,0.033874,0.010162,0.0067748,0.0067748,0.054198,0.0067748,0.01355,0.97557,0.054198
1,0.00083183,0.033481,0.017884,0.0016637,0.0083183,0.0074865,0.016637,0.00083183,0.00083183,0.0091502,0,0.0016637,0,0.99903
0,0.002181,0.079607,0.0092693,0.004362,0.023991,0.008724,0.0076335,0,0,0,0,0.004362,0.99018,0.11123
0,0.0029316,0.07499,0.00098208,0.0058632,0.011726,0.023453,0.010261,0,0,0,0.0029316,0.0058632,0.99674,0.0029316
0,0.0045812,0.13666,0.016034,0.0091624,0.036649,0.018325,0.00075589,0,0,0,0,0.0091624,0.98953,0.0045812
0,0.037941,0.87567,0,0.075881,0.15176,0.15176,0.037941,0,0.037941,0.41735,0,0.037941,0,0.037941
1,0,0.015438,0.00070064,0.00095979,0.004319,0.0019196,0.00052068,0.00047989,0.00047989,0.0076783,0,0.00095979,0.057587,0.99818
1,0.00014164,0.0035651,0.00049575,0.00028328,0.0018413,0.00056657,8.8526e-05,0.00014164,0.00014164,0.00099149,0,0.00028328,0,0.99999
0,0,0.17223,0.018364,0.0097942,0.0048971,0.0048971,0,0,0.0048971,0.029382,0,0.0097942,0,0.98431
0,0,0.19894,0.10707,0.021415,0.021415,0.042829,0.0044436,0,0,0,0,0.021415,0.85659,0.46042
0,0.0018132,0.072383,0.009066,0.0036264,0.0054396,0.009066,0.00038077,0,0,0,0,0.0036264,0.99726,0.0018132
0,0.003557,0.083305,0.003557,0.007114,0.028456,0.014228,0.0017785,0,0,0,0.003557,0.003557,0.99596,0.003557
1,0.0053177,0.19984,0,0.010635,0.042542,0.021271,0,0,0,0,0,0.015953,0.97846,0.0053177
0,0,0.087835,0.048496,0.0070978,0.039038,0.028391,0.0053233,0,0,0,0,0.0070978,0.99369,0.0070978
1,0,0.9341,0.25837,0.039749,0.059623,0.099372,0.10265,0.019874,0.019874,0.17887,0.019874,0.039749,0,0.019874
1,0.0034209,0.11689,0.01796,0.0068418,0.030788,0.013684,0.00029078,0,0,0,0.0034209,0.0068418,0.99206,0.023946
0,0.0097586,0.21635,0.0057088,0.0097586,0.0097586,0.0097586,0,0,0,0,0,0.019517,0.97586,0.0097586
0,0.0069912,0.194,0.0090186,0.013982,0.027965,0.055929,0.0017478,0,0,0,0.0069912,0.0069912,0.97876,0.0069912
0,0.0064861,0.27728,0.026496,0.012972,0.038917,0.025944,0.00025944,0,0,0,0,0.012972,0.7005,0.6551
0,0.0034621,0.099258,0.0502,0.0069242,0.0069242,0.013848,0.00043276,0,0,0,0,0.0069242,0,0.99362
1,0.0027027,0.097971,0.013513,0.0054053,0.021621,0.013513,0.0067566,0.0027027,0.0027027,0.016216,0,0.0054053,0,0.99458
0,0,0.053298,0.029333,0.0029333,0.032266,0.023466,0.000484,0,0,0,0,0.0058666,0.99732,0.0029333
1,0.0065734,0.13968,0.0098601,0.013147,0.059161,0.026294,0.0098601,0,0,0,0,0.013147,0.98601,0.059161
0,0,0.09903,0.0042365,0.0050889,0.015267,0.010178,0.00063611,0,0,0,0,0.0050889,0,0.99488
0,0.030357,0.96625,0.0012143,0.030357,0.2125,0.12143,0.0012143,0,0,0,0,0.060713,0,0.030357
0,0,0.66622,0.36521,0.076887,0.23066,0.15377,0.067276,0,0.038443,0.38443,0.038443,0.076887,0,0.42288
1,0,0.85591,0.034999,0.083831,0.46107,0.16766,0.066436,0.041915,0.041915,0.041915,0,0.083831,0,0.041915
0,0,0.081128,0.0083038,0.0041519,0.016608,0.0083038,0.0062279,0,0,0,0,0.0041519,0.99646,0.002076
1,0.0035369,0.13677,0.00074274,0.0070737,0.014147,0.014147,0.00030063,0.0035369,0,0,0.0035369,0.0070737,0.99032,0.0035369
1,0.0014296,0.039558,0.019658,0.0028593,0.012867,0.0057186,0.0082204,0.0014296,0,0,0.0014296,0.0028593,0.69624,0.71625
1,0.001769,0.049089,0.0010348,0.001769,0.022996,0.0070758,0.00044224,0.001769,0.001769,0.0035379,0,0.0035379,0.45993,0.88625
0,0.020349,0.38663,0,0.020349,0.020349,0.020349,0,0,0.020349,0.081396,0,0.040698,0.9157,0.040698
1,0,0.0042638,0.00014923,0.00034111,0.0023878,0.0013644,0.00017738,0.00017055,0,0,0.00017055,0.00034111,0.027289,0.99961
1,0.00013251,0.0036667,0.00026503,0.00026503,0.0018552,0.0010601,0.00013251,0.00013251,0.00013251,0.00053006,0,0.00026503,0.018552,0.99982
0,0.039588,0.88084,0.35629,0.079176,0.23753,0.15835,0.003365,0,0,0,0,0.079176,0,0.039588
1,0,0.93656,0.25533,0.03759,0.07518,0.15036,0.15976,0.018795,0,0,0.018795,0.03759,0,0.018795
0,0.0035457,0.11463,0.0088641,0.0070913,0.028365,0.014183,0.0044321,0,0,0,0.0035457,0.0070913,0.99278,0.0035457
0,0.0060629,0.23191,0.061387,0.0060629,0.024252,0.024252,0.00075786,0,0,0,0,0.012126,0.97006,0.0060629
0,0.0042712,0.20216,0.027763,0.0085425,0.03417,0.017085,0.0042712,0,0,0,0.0042712,0.0085425,0,0.97811
0,0.01237,0.34425,0.049479,0.01237,0.037109,0.098957,0.071126,0.01237,0.01237,0.024739,0.01237,0.024739,0.92773,0.01237
1,0,0.022563,0.0005775,0.0012623,0.0037869,0.0025246,0.00047336,0.00063114,0.00063114,0.0025246,0,0.0012623,0,0.99973
0,0.002373,0.079685,0.00059325,0.004746,0.007119,0.011865,0.009492,0,0,0,0.002373,0.002373,0.99666,0.002373
1,0.00049485,0.016865,3.9588e-05,0.00049485,0.003464,0.0024743,1.9794e-05,0.00049485,0.00049485,0.00049485,0.00049485,0.00098971,0.13856,0.9902
1,0,0.20978,0.10449,0.02022,0.13143,0.08088,0.0033869,0.01011,0.01011,0.01011,0.01011,0.02022,0.8088,0.51561
1,0.00024472,0.0081173,0.00024472,0.00048944,0.0034261,0.00097887,0.00018354,0.00024472,0.00024472,0.001713,0.00024472,0.00048944,0.083204,0.99649
1,0.0012245,0.027857,0.013469,0.002449,0.013469,0.004898,0.0030612,0.0012245,0.0012245,0.0085714,0.0012245,0.002449,0.12245,0.99184
1,0.00059998,0.029249,0.0050999,0.0012,0.0047999,0.0047999,0.0074998,0.00059998,0.00059998,0.0053999,0,0.0012,0.1086,0.99357
1,0.00032613,0.013234,0.0016306,0.00065225,0.002609,0.0013045,0.0016306,0.00032613,0.00032613,0.0022829,0,0.00065225,0,0.9999
0,0.0041481,0.085741,0.0034637,0.0041481,0.033185,0.016592,0.0082962,0,0,0,0.0041481,0.0041481,0.99554,0.0041481
0,0,0.45382,0.017567,0.023423,0.011711,0.011711,0,0,0,0,0,0.023423,0.89007,0.011711
1,0,0.019016,0.0064965,0.0006663,0.0026652,0.0013326,0.0018323,0.00033315,0.00033315,0.0023321,0,0.0006663,0,0.99979
1,0,0.16928,0.020314,0.010834,0.070422,0.043336,0.0033857,0.0054171,0.0054171,0.048753,0.0054171,0.010834,0.98049,0.0054171
0,0.0019701,0.043342,0.0015564,0.0039402,0.017731,0.0078804,0.00057133,0,0.0019701,0.0019701,0,0.0039402,0.82744,0.55951
1,0,0.036361,0.0062336,0.0012467,0.006857,0.0024934,0.0024934,0.00062336,0.00062336,0.0087271,0,0.0012467,0,0.99925
0,0.0038012,0.10993,0.0014255,0.0076025,0.03041,0.015205,0.0011024,0,0,0,0,0.0076025,0.83627,0.53598
1,0,0.047554,0.0041352,0.0020676,0.005169,0.0031014,0,0.0010338,0,0,0,0.0020676,0.10338,0.99347
1,0.0061841,0.12987,0.018552,0.0061841,0.012368,0.024737,0.0067098,0.0061841,0.0061841,0.049473,0.0061841,0.012368,0.98946,0.012368
1,0,0.042571,0.021501,0.0034401,0.01032,0.0068802,0.0025801,0.00172,0.00172,0.020641,0.00172,0.0034401,0.20641,0.97699
0,0,0.079794,0.0019154,0.0038307,0.038307,0.0076615,0.0038307,0,0,0,0,0.0076615,0.99599,0.0038307
0,0.005372,0.13204,0.072523,0.005372,0.005372,0.005372,0,0,0,0,0,0.010744,0.98846,0.005372
0,0,0.31247,0.031954,0.011791,0.094329,0.047165,0.0010022,0,0,0,0,0.011791,0.94329,0.011791
0,0.0073341,0.30011,0.006124,0.014668,0.0073341,0.0073341,0,0.0073341,0,0,0,0.014668,0.95343,0.014668
0,0,0.23251,0.026781,0.012132,0.048527,0.024264,0.00075823,0,0,0,0,0.012132,0.97054,0.0060659
0,0.001182,0.023143,0.00069145,0.0023639,0.001182,0.001182,0,0,0.001182,0.0035459,0,0.0023639,0.41369,0.91011
1,0.00021671,0.0085059,0.0020587,0.00043342,0.001517,0.00086684,0.0014086,0.00021671,0.00021671,0.0030339,0,0.00043342,0.05201,0.9986
1,0.0031923,0.082202,0.0015962,0.0063846,0.025538,0.012769,0.0046608,0.0031923,0.0031923,0.015962,0.0031923,0.0063846,0.996,0.0031923
1,0,0.011026,0.00071786,0.00047857,0.0019143,0.00095715,0.00056831,0.00023929,0.00023929,0.0019143,0.00023929,0.00047857,0.094758,0.99543
0,0.0070401,0.13848,0.070401,0.0070401,0.02816,0.05632,0.0058784,0.0070401,0,0,0.0070401,0.01408,0.98561,0.0070401
0,0,0.079204,0.0044497,0.0035598,0.0035598,0.0035598,0.011569,0,0,0,0,0.0071195,0.99673,0.0035598
0,0.0055233,0.104,0.019552,0.0055233,0.0055233,0.0055233,0,0,0,0,0.0055233,0.011047,0.99419,0.011047
1,0.00099644,0.063852,0.019929,0.0019929,0.01395,0.0079715,0.017438,0.00099644,0.00099644,0.0089679,0.00099644,0.0019929,0,0.99743
0,0,0.11153,0.0084494,0.013519,0.074355,0.027038,0.0016899,0,0.0067596,0.0067596,0,0.013519,0.73003,0.6692
1,0,0.02033,0.0044408,0.0005921,0.0029605,0.0026645,0,0.00029605,0.00029605,0.0041447,0,0.0005921,0,0.99977
1,0.0072847,0.5591,0.16238,0.014569,0.072847,0.065563,0.09288,0.0072847,0.0072847,0.0072847,0.0072847,0.014569,0,0.80132
0,0,0.13083,0.023626,0.016436,0.090396,0.032871,0.00069851,0,0,0,0,0.016436,0.98614,0.0082178
0,0.0053238,0.18543,0.021295,0.010648,0.010648,0.026619,0.066547,0.0053238,0,0,0.0053238,0.010648,0.97958,0.0053238
1,0,0.00092794,0.00015655,3.9137e-05,0.00019569,9.7843e-05,0.0001272,1.9569e-05,1.9569e-05,0.00011741,0,3.9137e-05,0.0073382,0.99997
1,0.0053848,0.12477,0,0.01077,0.043078,0.021539,0,0,0,0,0,0.016154,0.9908,0.0053848
0,0.0067821,0.30635,0.010173,0.013564,0.054257,0.027128,0.016955,0.0067821,0,0,0.0067821,0.013564,0.94949,0.0067821
0,0.0016657,0.025269,0.01166,0.0033315,0.016657,0.0066629,0.0016657,0,0,0,0,0.0033315,0.99944,0.0016657
0,0.0049723,0.093629,0.0020635,0.0049723,0.039778,0.019889,0.00082043,0,0.0049723,0.0049723,0,0.0099446,0.99446,0.0099446
1,8.9261e-05,0.0046862,0.00058019,0.00017852,0.00035704,0.00035704,0.00056145,8.9261e-05,8.9261e-05,0.0013389,0,0.00017852,0,0.99999
1,0.0019982,0.038306,0,0.0019982,0.013987,0.009991,0,0,0,0,0.0019982,0.0019982,0.9991,0.0039964
1,0.0048688,0.087639,0.00080336,0.0097377,0.053557,0.034082,0.0010225,0,0,0,0,0.0097377,0.97377,0.19962
0,0.0079136,0.29676,0.0066079,0.015827,0.079136,0.031654,0.00031654,0,0,0,0,0.015827,0.94963,0.047482
1,0.011895,0.26965,0.018853,0.011895,0.10705,0.047579,0.036695,0.011895,0.011895,0.071368,0,0.023789,0.95157,0.011895
0,0.0019141,0.091552,0.0079723,0.0038282,0.026798,0.0095706,0.0001627,0,0,0,0.0019141,0.0038282,0.99534,0.0019141
0,0.002166,0.073818,0.005415,0.004332,0.017328,0.008664,0.002166,0,0,0,0,0.004332,0.99637,0.036822
0,0,0.98528,0.0484,0.05957,0.05957,0.11914,0.016084,0,0,0,0.029785,0.05957,0,0.029785
1,0.002904,0.1251,0.001089,0.002904,0.023232,0.011616,0.001089,0.002904,0.002904,0.023232,0.002904,0.005808,0.8712,0.47335
1,0.0050381,0.17382,0.020354,0.0050381,0.015114,0.025191,0.042824,0.0050381,0.0050381,0.035267,0.0050381,0.010076,0.98244,0.0050381
0,0.0048632,0.2079,0.01459,0.0097263,0.01459,0.024316,0.0048632,0.0048632,0,0,0,0.0097263,0,0.9775
0,0.0035632,0.065029,0.00058793,0.0071265,0.0071265,0.014253,0.00089081,0,0,0,0.0035632,0.0035632,0.9977,0.0035632
0,0.00023752,0.0054819,0.00059379,0.00047503,0.00023752,0.00023752,2.0189e-05,0,0,0,0.00023752,0.00047503,0.023752,0.9997
1,0,0.13519,0.050833,0.0060086,0.084121,0.024035,0.014781,0,0,0,0,0.012017,0.98542,0.0060086
0,0.0012473,0.022351,0.00025569,0.0024946,0.0074837,0.0049892,4.9892e-05,0,0,0,0,0.0024946,0.34924,0.93672
0,0.0025296,0.046594,0.026345,0.0025296,0.015177,0.010118,0.00031619,0.0025296,0,0,0,0.0050591,0.30355,0.95111
0,0,0.074957,0.0040634,0.0054179,0.018963,0.010836,0.0054179,0.002709,0,0,0,0.002709,0.9969,0.002709
1,0,0.037252,0.018213,0.0019689,0.015752,0.0078758,0.0019689,0.0019689,0.0019689,0.0078758,0.0019689,0.0039379,0.15752,0.98644
0,0.0024949,0.05656,0.0018712,0.0049898,0.0074847,0.0099796,0.0039544,0,0.0024949,0.0024949,0.0024949,0.0049898,0.99796,0.024949
0,0.0077212,0.48257,0.098445,0.0077212,0.06177,0.06177,0.038606,0.0077212,0,0,0,0.015442,0.86477,0.0077212
1,0,0.19011,0.072809,0.01618,0.088989,0.03236,0.068765,0.0080899,0.0080899,0.04045,0.0080899,0.01618,0.97079,0.0080899
0,0.0014681,0.051752,0.0046467,0.0029363,0.020554,0.011745,0.0055056,0.0014681,0,0,0.0014681,0.0029363,0.99834,0.0014681
0,0,0.98843,0.073919,0.017393,0.017393,0.017393,0.086964,0,0,0,0.017393,0.034785,0,0.086964
0,0,0.61662,0.0019078,0.023125,0.011562,0.011562,0,0,0,0,0.011562,0.011562,0.71687,0.32375
1,0.0030939,0.12738,0.012499,0.0061878,0.040221,0.024751,0.021657,0.0030939,0.0030939,0.024751,0,0.0061878,0.99005,0.0030939
1,0.0097004,0.40907,0.04889,0.019401,0.1067,0.077603,0.12368,0.0097004,0,0,0.0097004,0.019401,0.89244,0.0097004
0,0.0049866,0.2053,0.0062332,0.0049866,0.044879,0.019946,0.0012466,0,0,0,0,0.0099732,0,0.97737
0,0,0.15711,0.0034913,0.0093102,0.01862,0.023276,0.0046551,0.0046551,0.0046551,0.013965,0.0046551,0.0093102,0.98688,0.0046551
1,0.0032936,0.084547,0.04117,0.0065872,0.042817,0.013174,0.0039853,0.0032936,0.0032936,0.22067,0.0032936,0.0065872,0.46111,0.85305
1,0.0096709,0.23529,0.06407,0.0096709,0.019342,0.038684,0.05319,0.0096709,0,0,0.0096709,0.0096709,0.96709,0.0096709
1,0.0029237,0.06821,0.033988,0.0029237,0.026313,0.011695,0.0024413,0.0029237,0,0,0.0029237,0.0058474,0.46779,0.88003
0,0.0029261,0.089744,0.0073153,0.0058522,0.03804,0.023409,0.0065838,0,0,0,0.0029261,0.0029261,0.99488,0.0029261
0,0.0035373,0.13148,0.014149,0.0070746,0.028298,0.017686,0.017686,0.0035373,0,0,0.0035373,0.0035373,0.99044,0.0035373
0,0.0096232,0.25261,0.01482,0.019246,0.086609,0.038493,0.0012029,0,0,0,0,0.019246,0.96232,0.0096232
0,0,0.098624,0.0022045,0.0066302,0.029836,0.01326,0.00082878,0,0,0,0.0033151,0.0066302,0.99453,0.0033151
0,0,0.11029,0.0087989,0.0095901,0.023975,0.014385,0,0,0.0047951,0.0047951,0,0.0095901,0.95901,0.25893
0,0.0060161,0.10378,0.018048,0.012032,0.024064,0.024064,0.00024064,0,0,0,0.0060161,0.012032,0.96257,0.24666
1,0.0058308,0.17055,0.086237,0.011662,0.034985,0.023323,0.029387,0.0058308,0.0058308,0.029154,0.0058308,0.011662,0.97957,0.0058308
0,0,0.16469,0.020399,0.011525,0.017287,0.028812,0.0028812,0.0057624,0,0,0.0057624,0.011525,0.98537,0.0057624
0,0.0053341,0.18445,0,0.010668,0.042672,0.021336,0,0,0,0,0,0.016002,0.98147,0.0053341
0,0.0054975,0.12875,0.003216,0.010995,0.04398,0.04398,0.00046729,0.0054975,0,0,0,0.010995,0.98955,0.0054975
1,0.00081573,0.020393,0.009177,0.0016315,0.0065258,0.0032629,0.0020393,0.00081573,0.00081573,0.013867,0,0.0016315,0.16315,0.98622
1,0,0.00070152,0.00028061,7.4829e-05,0.00041156,0.00014966,0.00010139,3.7414e-05,3.7414e-05,0.00018707,0,7.4829e-05,0.0068843,0.99998
0,0.0061856,0.10565,0.0015464,0.012371,0.068042,0.024742,0.0020722,0,0.0061856,0.024742,0,0.012371,0.98969,0.05567
0,0,0.078463,0.0016346,0.009759,0.0048795,0.0048795,0,0,0.0048795,0.0048795,0,0.009759,0.78072,0.6197
0,0.0013873,0.045671,0.0034683,0.0027747,0.008324,0.0055493,0.0024278,0,0.0013873,0.0027747,0.0013873,0.0027747,0.99888,0.0013873
1,0,0.013857,0.0068163,0.0013633,0.005453,0.005453,0.00068163,0.00068163,0.00068163,0.0027265,0,0.0013633,0.034081,0.99926
0,0,0.13459,0.010829,0.0061879,0.03094,0.018564,0,0,0,0,0,0.012376,0.99007,0.0061879
1,3.1963e-05,0.0010602,3.3241e-05,6.3925e-05,0.00038355,0.0002557,0.00020776,3.1963e-05,0,0,3.1963e-05,6.3925e-05,0.0052419,0.99999
0,0,0.070146,0.005774,0.0055386,0.022154,0.022154,0.0076156,0.0027693,0,0,0.0027693,0.0055386,0.99694,0.0055386
1,0,0.049285,0.005974,0.0039827,0.021905,0.015931,0.0036541,0.0019913,0.0019913,0.037835,0,0.0039827,0,0.99766
1,0.0048873,0.15068,0,0.0097746,0.043986,0.019549,0.0061091,0.0048873,0.0048873,0.0048873,0,0.0097746,0.98723,0.0048873
0,0.0042903,0.089023,0.021816,0.0042903,0.021451,0.017161,0.0012442,0,0,0,0,0.0085806,0.60064,0.7937
0,0,0.2127,0.042851,0.005274,0.021096,0.021096,0.00087021,0,0.005274,0.010548,0,0.010548,0.97042,0.10021
0,0.002405,0.070755,0.0030062,0.00481,0.01924,0.01924,0.00060125,0,0.002405,0.00481,0.002405,0.00481,0.962,0.26214
0,0.0073229,0.29965,0.0036615,0.0073229,0.05126,0.029292,0.0036615,0,0,0,0.0073229,0.014646,0.95198,0.0073229
1,0,0.046859,0.00073068,0.0031769,0.0063538,0.0063538,0.00085776,0.0015884,0.0015884,0.0063538,0,0.0031769,0.60361,0.79581
1,0.0027248,0.14828,0.0013624,0.0027248,0.010899,0.021798,0.01079,0.0027248,0,0,0,0.0054496,0.49046,0.85831
0,0.01432,0.48688,0.078761,0.01432,0.11456,0.05728,0.02148,0,0,0,0.01432,0.02864,0.85921,0.01432
0,0.0080956,0.20239,0.097147,0.016191,0.032382,0.032382,0.018215,0.0080956,0.0080956,0.016191,0.0080956,0.016191,0.97147,0.048574
0,0,0.13848,0.013233,0.0052099,0.0052099,0.0052099,0,0,0,0,0.0052099,0.01042,0.93778,0.3178
1,0,0.91108,0.12738,0.055083,0.30296,0.22033,0.044755,0.027542,0.027542,0.055083,0,0.055083,0,0.027542
0,0.0079973,0.26927,0.017314,0.015995,0.063978,0.031989,0.011996,0,0,0,0,0.023992,0.95967,0.0079973
0,0.0013883,0.050214,0.0076356,0.0027766,0.0041649,0.0069414,0.0069414,0,0,0,0,0.0027766,0.29154,0.95514
0,0.0021716,0.042347,0.00062977,0.0043432,0.0086865,0.0086865,0.00062977,0,0,0,0,0.0043432,0.60805,0.79264
1,0.00048364,0.01169,0.00042319,0.00096728,0.0053201,0.0019346,0.0022368,0.00048364,0.00048364,0.00096728,0.00048364,0.00096728,0.25149,0.96777
1,0,0.0099472,0.0021199,0.00065228,0.0026091,0.0016307,0.0013046,0.00032614,0.00032614,0.002283,0.00032614,0.00065228,0,0.99994
0,0.043063,0.86126,0.30144,0.086126,0.3445,0.17225,0.021532,0,0,0,0,0.086126,0,0.043063
1,0.00019508,0.0049415,0.00011315,0.00039017,0.0015607,0.00078034,5.6575e-05,0.00019508,0.00019508,0.0013656,0.00019508,0.00039017,0.018728,0.99981
0,0.002145,0.06345,0.010189,0.00429,0.015015,0.0085801,0.00429,0,0.002145,0.002145,0.002145,0.00429,0.98671,0.14801
0,0.0017803,0.076855,0.0040057,0.0035606,0.0053409,0.0089014,0.0013352,0.0017803,0,0,0,0.0035606,0.99696,0.0017803
0,0.0035518,0.10211,0.0041379,0.0071036,0.014207,0.014207,0.0017759,0.0035518,0,0,0,0.0035518,0.99451,0.0035518
0,0.030169,0.95245,0.090508,0.030169,0.090508,0.15085,0.21119,0,0,0,0,0.060339,0,0.060339
1,0.040024,0.81048,0.39863,0.080047,0.40024,0.080047,0,0.040024,0,0,0,0.080047,0,0.040024
1,0.00049911,0.02246,0.0042424,0.00099822,0.0064884,0.0039929,0.0069875,0.00049911,0.00049911,0.00049911,0.00049911,0.00099822,0.043922,0.99872
1,0,0.0095552,0.00095845,0.00083708,0.0046039,0.0033483,0.00095845,0.00041854,0.00041854,0.0029298,0.00041854,0.00083708,0.058595,0.99821
1,0,0.20038,0.029082,0.019388,0.10663,0.038776,0.0015995,0.009694,0.009694,0.029082,0,0.019388,0.9694,0.067858
0,0.0095753,0.26648,0.014363,0.019151,0.086177,0.038301,0.021544,0,0.0095753,0.0095753,0.0095753,0.019151,0.95753,0.038301
0,0.0055028,0.22517,0.012381,0.0055028,0.077039,0.044022,0.055028,0.0055028,0,0,0.0055028,0.011006,0.96849,0.0055028
1,0.012196,0.68808,0.34148,0.012196,0.097565,0.048782,0.34757,0.012196,0.012196,0.48782,0,0.024391,0,0.19513
1,0,0.24548,0.00063208,0.0076615,0.0038308,0.0038308,0,0.0038308,0.0038308,0.0038308,0,0.0076615,0.88874,0.38691
1,0,0.069323,0.034785,0.003092,0.043288,0.024736,0.002319,0.003092,0.003092,0.012368,0,0.006184,0,0.99563
0,0,0.048708,0.0050049,0.002002,0.0060059,0.01001,0.0090089,0,0,0,0,0.004004,0.4004,0.9149
0,0,0.99548,0.08594,0.028647,0.014323,0.014323,0,0,0,0,0,0.014323,0,0.014323
0,0.0042768,0.15217,0.0032076,0.0085535,0.017107,0.017107,0.0064151,0,0,0,0.0042768,0.0085535,0.98793,0.0042768
1,0.0081899,0.39582,0.098279,0.01638,0.057329,0.03276,0.13104,0.0081899,0,0,0,0.0081899,0.90089,0.0081899
1,0,0.0021252,0.0011352,7.5683e-05,0.00075683,0.00068115,0,7.5683e-05,0,0,0,0.00015137,0,1
1,0.00078104,0.027469,0.0019526,0.0015621,0.0031241,0.0031241,0.0035147,0.00078104,0.00078104,0.0054673,0,0.0015621,0.11716,0.9927
1,0.00019995,0.0098975,0.0015166,0.0003999,0.00059985,0.00099974,0.0015166,0.00019995,0.00019995,0.0029992,0.00019995,0.0003999,0,0.99994
0,0.0028532,0.22897,0.015692,0.0057063,0.022825,0.011413,0.0015407,0.0028532,0,0,0,0.0057063,0,0.97293
0,0.0043402,0.12695,0.056422,0.0086803,0.0086803,0.034721,0.0021701,0,0,0,0,0.0086803,0.98956,0.0043402
0,0,0.069509,0.0020541,0.0082162,0.012324,0.016432,0.00067784,0,0.0041081,0.024649,0.0041081,0.0082162,0.98595,0.14789
0,0,0.04992,0.0005148,0.00624,0.01872,0.01248,0.00312,0,0.00312,0.00624,0.00312,0.00624,0.99841,0.00624
1,0.00099682,0.059889,0.014454,0.0019936,0.00099682,0.00099682,0.017943,0.00099682,0.00099682,0.014952,0.00099682,0.0019936,0,0.99782
1,0.0054503,0.15261,0.010901,0.010901,0.021801,0.043602,0.022701,0.0054503,0.0054503,0.010901,0.0054503,0.010901,0.98651,0.0054503
1,0.0045437,0.18856,0.0069973,0.0090874,0.013631,0.022719,0.015903,0,0,0,0,0.0090874,0.98144,0.0045437
0,0.037167,0.89498,0.3345,0.074334,0.223,0.14867,0.0092918,0,0,0,0.037167,0.074334,0,0.037167
0,0.0020336,0.049823,0.027118,0.0020336,0.012201,0.0081343,8.1343e-05,0,0,0,0.0020336,0.0040671,0.24403,0.96798
1,0.0070759,0.24589,0.10614,0.014152,0.084911,0.049532,0.038033,0.0070759,0.0070759,0.063683,0.0070759,0.014152,0,0.95525
0,0.0079952,0.2692,0.0099941,0.01599,0.071957,0.031981,0.0093145,0,0,0,0,0.01599,0.95943,0.0079952
1,0,0.048626,0.011909,0.0023819,0.0131,0.0095275,0.0020841,0.0011909,0,0,0,0.0023819,0.034537,0.99801
1,0.0054785,0.11187,0.010053,0.010957,0.043828,0.021914,0.012327,0.0054785,0.0054785,0.0054785,0,0.010957,0.54785,0.82725
1,0.0023113,0.086672,0.0026002,0.0023113,0.0046225,0.009245,0.0034669,0,0,0,0.0023113,0.0046225,0.99615,0.0023113
1,0.0043408,0.21053,0.018448,0.0086815,0.030385,0.017363,0.0005426,0.0043408,0,0,0.0043408,0.0086815,0.97667,0.0043408
0,0.0031158,0.071664,0.0023369,0.0062317,0.021811,0.012463,0.0015579,0,0,0,0.0031158,0.0031158,0.99707,0.0031158
0,0.026315,0.92102,0.088812,0.052629,0.21052,0.21052,0.21815,0,0,0,0.026315,0.052629,0,0.026315
0,0.011767,0.19216,0.03236,0.023535,0.070604,0.04707,0.0078253,0,0.011767,0.011767,0,0.023535,0.94139,0.25888
1,0.0096127,0.21792,0.10093,0.019225,0.10574,0.076902,0.012833,0.0096127,0,0,0,0.019225,0.96127,0.0096127
0,0,0.11955,0.064583,0.010993,0.043971,0.021986,0.0013741,0,0,0,0.0054964,0.010993,0.98935,0.0054964
1,0,0.067612,0.0068475,0.0026959,0.016175,0.010783,0.00067397,0.0026959,0,0,0.0026959,0.0053917,0.99747,0.0026959
1,0.00084058,0.030538,0.0017862,0.00084058,0.0075652,0.0033623,7.1449e-05,0.00084058,0.00084058,0.00084058,0,0.0016812,0.042029,0.99861
0,0,0.17541,0.023016,0.012275,0.0491,0.02455,0.0015344,0,0.0061375,0.0061375,0.0061375,0.012275,0.2455,0.95132
0,0.0039709,0.088034,0.048147,0.0079417,0.031767,0.015883,0.013243,0,0.0039709,0.0079417,0.0039709,0.0079417,0.71475,0.69093
1,1.9999e-05,0.00068335,3.0798e-05,3.9997e-05,0.00025998,7.9994e-05,3.0798e-05,1.9999e-05,1.9999e-05,1.9999e-05,1.9999e-05,3.9997e-05,0.010399,0.99995
0,0.0046949,0.16432,0.011737,0.0093897,0.014085,0.018779,0.0046949,0,0,0,0.0046949,0.0093897,0.98592,0.0046949
0,0.0095813,0.27383,0.034732,0.019163,0.057488,0.038325,0.0023953,0,0,0,0.0095813,0.019163,0.95813,0.0095813
0,0,0.03896,0.011005,0.0040647,0.0060971,0.016259,0.00058938,0,0,0,0,0.0040647,0.16259,0.98569
1,0.0033217,0.07723,0.0033217,0.0066434,0.026574,0.013287,0.0027736,0.0033217,0,0,0,0.0033217,0.99652,0.0033217
0,0.0074982,0.12372,0.00093728,0.014996,0.059986,0.029993,0.0012372,0,0,0,0,0.014996,0.98976,0.0074982
1,0,0.024916,0.0001551,0.0024816,0.013649,0.0049633,0.0012408,0,0.0012408,0.0012408,0,0.0024816,0.2978,0.95419
1,0.0034305,0.076603,0.037736,0.006861,0.030875,0.013722,0.006861,0.0034305,0.0034305,0.0034305,0,0.006861,0.27444,0.95711
0,0.0020778,0.070646,0.010566,0.0020778,0.0062335,0.010389,0.0022544,0,0,0,0.0020778,0.0041556,0.99735,0.0020778
0,0,0.025791,0.00015137,0.00090369,0.0013555,0.0022592,0.00045185,0.00045185,0,0,0.00045185,0.00090369,0.11387,0.99316
0,0.004979,0.080909,0.0041575,0.009958,0.034853,0.019916,0.00042322,0.004979,0,0,0,0.004979,0.9958,0.004979
1,0.00048089,0.015787,0.0012022,0.00096177,0.0062515,0.0038471,0.0013224,0.00048089,0.00048089,0.0028853,0,0.00096177,0.076942,0.99688
1,0.007516,0.36264,0.18854,0.015032,0.067644,0.030064,0.013153,0.007516,0.007516,0.022548,0,0.015032,0.90191,0.11274
0,0.0032368,0.1106,0.0089011,0.0064735,0.0097103,0.016184,0.0080919,0,0,0,0.0032368,0.0064735,0.75093,0.65059
0,0.009783,0.17932,0.011837,0.009783,0.09783,0.019566,0,0,0,0,0,0.019566,0.9783,0.009783
0,0.0024834,0.10989,0.0012417,0.0049668,0.017384,0.0099336,0.026696,0.0024834,0,0,0,0.0024834,0.99336,0.0024834
0,0.0033047,0.12862,0.0057831,0.0066093,0.013219,0.013219,0.0016523,0,0,0,0.0033047,0.0066093,0.9914,0.009914
0,0.0031088,0.098176,0.0023316,0.0031088,0.018653,0.012435,0.010881,0,0,0,0.0031088,0.0062176,0.99482,0.0031088
1,0.0025212,0.063231,0.0043112,0.0050423,0.035296,0.010085,0.0041977,0.0025212,0.0025212,0.0025212,0.0025212,0.0050423,0.99586,0.052944
1,0.01345,0.8799,0.14795,0.0269,0.1345,0.12105,0.269,0.01345,0.01345,0.094151,0.01345,0.0269,0.2959,0.01345
1,0.022178,0.9166,0,0.044355,0.17742,0.11089,0.33266,0.022178,0,0,0,0.044355,0,0.022178
0,0.0097097,0.30343,0.010923,0.019419,0.0097097,0.0097097,0,0,0.0097097,0.0097097,0,0.019419,0.93213,0.19419
0,0,0.22372,0.028673,0.012175,0.0060876,0.0060876,0,0,0,0,0,0.012175,0.97402,0.0060876
0,0.0023726,0.076707,0.017795,0.0047453,0.023726,0.011863,0.0037606,0.0023726,0,0,0.0023726,0.0023726,0.99651,0.0023726
0,0,0.15749,0.015418,0.0098678,0.0049339,0.0049339,0.014999,0,0.0049339,0.0098678,0.0049339,0.0098678,0.98678,0.02467
1,0.0015895,0.039467,0.0043711,0.003179,0.012716,0.0063579,0.0035763,0.0015895,0.0015895,0.0095369,0,0.003179,0.29246,0.95528
1,0.0011869,0.026016,0.00064091,0.0011869,0.016616,0.0047475,4.7475e-05,0.0011869,0.0011869,0.0011869,0.0011869,0.0023737,0.99696,0.071212
1,0.025976,0.88967,0.077927,0.051952,0.33769,0.20781,0.19261,0.025976,0,0,0.025976,0.051952,0,0.025976
0,0.0053353,0.27653,0.016006,0.0053353,0.0053353,0.0053353,0.0080029,0,0,0,0,0.010671,0.96035,0.026676
0,0,0.13811,0.0065621,0.0087495,0.0043747,0.0043747,0,0,0.0043747,0.0087495,0.0043747,0.0087495,0.87495,0.46372
0,0.0018161,0.069774,0.0012803,0.0036322,0.014529,0.0072644,0.00068103,0,0.0018161,0.0036322,0,0.0036322,0.40862,0.90986
1,0.0020753,0.081289,0.0035488,0.0041506,0.029054,0.0083012,0.00025941,0.0020753,0.0020753,0.010376,0.0020753,0.0041506,0.99614,0.0020753
0,0.00164,0.029799,0.0040344,0.00328,0.01312,0.01148,0.0015744,0,0.00164,0.00328,0.00164,0.00328,0.2624,0.96431
1,0.02321,0.9052,0.11605,0.046421,0.30173,0.092841,0.081236,0.02321,0.02321,0.2321,0.02321,0.046421,0,0.02321
0,0.0072333,0.14467,0.079892,0.014467,0.057866,0.028933,0.014467,0,0,0,0.0072333,0.014467,0.98373,0.0072333
0,0.003401,0.11138,0.0079413,0.006802,0.006802,0.027208,0.019556,0,0,0,0.003401,0.006802,0.99309,0.003401
0,0.0082177,0.15268,0.046923,0.016435,0.016435,0.032871,0.0044376,0,0,0,0,0.016435,0.98612,0.0082177
0,0,0.097468,0.046948,0.012314,0.067729,0.024629,0.00076965,0,0.0061572,0.0061572,0.0061572,0.012314,0,0.9913
1,0.0024897,0.097921,0.014627,0.0049794,0.032366,0.019918,0.024897,0.0024897,0.0024897,0.034856,0.0024897,0.0049794,0.9934,0.0024897
0,0,0.088519,0.0030064,0.0090418,0.040688,0.018084,0.0075273,0,0,0,0,0.0090418,0.99459,0.027125
1,0.038743,0.82638,0.4068,0.077486,0.30994,0.15497,0.11623,0.038743,0,0,0.038743,0.077486,0,0.038743
0,0,0.051123,0.0016913,0.0045102,0.018041,0.0090204,0.0045102,0,0.0022551,0.0045102,0.0022551,0.0045102,0.45102,0.89077
0,0.0023949,0.061476,0.0077833,0.0047898,0.019159,0.019159,0.0054843,0,0.0023949,0.0023949,0.0023949,0.0047898,0.99627,0.052687
0,0.0038259,0.080649,0.038584,0.0038259,0.038259,0.030607,0.0047823,0,0,0,0,0.0076517,0.99473,0.0038259
0,0,0.42599,0.01304,0.017387,0.043468,0.026081,0,0.0086936,0,0,0.0086936,0.017387,0.86936,0.24342
0,0.0061774,0.12769,0.032678,0.012355,0.067951,0.02471,0.0023165,0.0061774,0.0061774,0.0061774,0,0.012355,0.98838,0.0061774
1,0,0.15041,0.0016058,0.015293,0.084112,0.061172,0.0022175,0.0076465,0.0076465,0.084112,0,0.015293,0.61172,0.76465
1,0.042369,0.92492,0.010592,0.084739,0.084739,0.33895,0.028176,0.042369,0,0,0.042369,0.084739,0,0.042369
0,0.0096461,0.25881,0.0052089,0.019292,0.038585,0.0096461,0,0,0,0,0,0.019292,0.96461,0.0096461
0,0,0.039329,0.005097,0.0020388,0.013252,0.0040776,0.013762,0.0010194,0,0,0.0010194,0.0020388,0.99902,0.0010194
1,0,0.30433,0.076204,0.012154,0.036461,0.024307,0.013916,0.0060769,0.0060769,0.018231,0.0060769,0.012154,0.94799,0.0060769
0,0,0.12818,0.0030519,0.016277,0.065107,0.032553,0.0081384,0,0,0,0,0.016277,0.9766,0.15463
1,0,0.054212,0.028212,0.0044254,0.017702,0.011064,0.01051,0.0022127,0.0022127,0.0044254,0,0.0044254,0.16153,0.98466
1,0.0032013,0.067227,0.015334,0.0032013,0.028812,0.012805,0.0072029,0.0032013,0.0032013,0.0032013,0.0032013,0.0064026,0.2561,0.96359
1,0.0096203,0.21242,0.10582,0.019241,0.12506,0.038481,0.0063975,0.0096203,0,0,0,0.019241,0.96203,0.0096203
1,0.0032459,0.17716,0.030561,0.0064919,0.0032459,0.0032459,0.04679,0.0032459,0.0032459,0.035705,0.0032459,0.0064919,0.097378,0.97703
1,0.012126,0.21925,0.066695,0.024253,0.048506,0.048506,0.0060632,0.012126,0,0,0,0.024253,0.97011,0.012126
1,0.0031023,0.11376,0.013697,0.0031023,0.012409,0.012409,0.00077557,0.0031023,0.0031023,0.031023,0.0031023,0.0062045,0.99273,0.0031023
1,0.0017931,0.068441,0.018155,0.0035861,0.025103,0.0071723,0.0044827,0.0017931,0.0017931,0.010758,0,0.0035861,0.93239,0.35323
0,0.0028032,0.061194,0.004317,0.0056064,0.011213,0.011213,0.00023827,0,0,0,0.0028032,0.0056064,0.99795,0.0028032
0,0,0.57616,0.072131,0.022194,0.033291,0.055486,0.034235,0,0,0,0.011097,0.022194,0.81009,0.011097
0,0.0061719,0.13683,0.013887,0.012344,0.018516,0.024688,0.00077149,0,0,0,0,0.012344,0.98751,0.067891
0,0.0028172,0.14768,0.0042259,0.0056345,0.0056345,0.011269,0.010565,0,0,0,0.0028172,0.0056345,0,0.98885
1,0,0.51802,0.042516,0.017007,0.05102,0.034013,0.034013,0.0085033,0.0085033,0.034013,0,0.017007,0,0.85033
1,0.0081796,0.16498,0.04601,0.016359,0.073616,0.032718,0.013987,0.0081796,0,0,0,0.0081796,0.98155,0.0081796
1,0.0061712,0.14348,0.024685,0.012342,0.04937,0.030856,0.0015428,0.0061712,0,0,0.0061712,0.012342,0.9874,0.0061712
0,0.0032124,0.11619,0.0013492,0.0032124,0.028912,0.01285,0.0009316,0,0,0,0.0032124,0.0064248,0.99264,0.0096373
0,0,0.2706,0.011208,0.0064047,0.051238,0.025619,0,0,0,0,0.0064047,0.012809,0.96071,0.012809
0,0.0045141,0.10644,0.0037692,0.0090281,0.013542,0.036112,0.00038369,0,0,0,0.0045141,0.0090281,0.99309,0.027084
1,0,0.078491,0.0021803,0.0043606,0.017442,0.0087212,0.0043606,0.0021803,0.0021803,0.023983,0,0.0043606,0,0.9964
0,0.022938,0.90789,0.11469,0.045876,0.022938,0.022938,0,0,0.022938,0.045876,0,0.045876,0.38995,0.045876
1,0,0.078108,0.018314,0.0041481,0.033184,0.033184,0.012444,0.0041481,0,0,0,0.0082961,0.99553,0.0041481
0,0.0049503,0.1349,0.0030939,0.0099006,0.029702,0.019801,0.0022524,0.0049503,0,0,0.0049503,0.0099006,0.99006,0.0049503
0,0.0080345,0.26048,0.024104,0.016069,0.016069,0.032138,0.0013257,0,0,0,0.0080345,0.016069,0.96414,0.0080345
0,0.0095271,0.18502,0.014291,0.0095271,0.12385,0.038108,0.019054,0.0095271,0,0,0.0095271,0.019054,0.95271,0.20007
1,0,0.040199,0.019138,0.0035605,0.019583,0.0071211,0.00073881,0.0017803,0.0017803,0.0089014,0.0017803,0.0035605,0,0.99873
1,0.0027484,0.10972,0.017068,0.0054969,0.030233,0.010994,0.00010994,0.0027484,0.0027484,0.0027484,0,0.0054969,0.54969,0.82728
1,0.040824,0.92548,0.006736,0.081648,0.32659,0.12247,0.091854,0,0,0,0.040824,0.040824,0,0.040824
1,0,0.057156,0.001928,0.0024405,0.026845,0.0097619,0.0036607,0.0024405,0.0024405,0.0048809,0.0024405,0.0048809,0.19524,0.97863
1,0,0.058624,0.010337,0.0039083,0.019541,0.0039083,0.0043968,0.0019541,0.0019541,0.0097706,0.0019541,0.0039083,0.19346,0.97902
1,0,0.017524,0.0032762,0.00043451,0.0047796,0.003476,0.003476,0.00043451,0.00043451,0.0060831,0,0.00086901,0,0.9998
1,0,0.0091848,0.0012809,0.00049985,0.0024993,0.0009997,0.0012496,0.00024993,0,0,0.00024993,0.00049985,0,0.99995
0,0.003314,0.10273,0.0069096,0.0066279,0.026512,0.013256,0.00028169,0,0,0,0,0.0066279,0.99419,0.003314
1,0,0.069672,0.0079581,0.0055361,0.038753,0.022144,0.002422,0.002768,0,0,0,0.0055361,0.9965,0.002768
0,0.0013876,0.038047,0.017345,0.0027752,0.0083255,0.0069379,0.00034689,0,0,0,0.0013876,0.0027752,0.99906,0.0013876
1,0.00043504,0.013734,0.0017402,0.00087008,0.0060905,0.0017402,0.0021752,0.00043504,0.00043504,0.0013051,0.00043504,0.00087008,0.12616,0.99189
0,0.0022501,0.076683,0.014626,0.0045002,0.0135,0.0090003,0.00028126,0.0022501,0,0,0.0022501,0.0045002,0.99679,0.0022501
0,0.0055102,0.12167,0.012866,0.01102,0.022041,0.022041,0.0041327,0,0,0,0,0.01102,0.99184,0.0055102
0,0.0059297,0.18429,0.018293,0.011859,0.047437,0.023719,0.014824,0,0.0059297,0.011859,0.0059297,0.011859,0.94875,0.24905
0,0.0031084,0.098133,0.0015542,0.0062168,0.024867,0.015542,0.0025955,0.0031084,0,0,0.0031084,0.0031084,0.99469,0.0031084
0,0.048635,0.77816,0.15198,0.097269,0.43771,0.19454,0.004134,0,0.048635,0.048635,0,0.097269,0,0.34044
1,0.0010873,0.029629,0.0018103,0.0021746,0.014135,0.0086983,0.0055289,0.0010873,0.0010873,0.0097856,0,0.0021746,0.43383,0.90028
0,0.028126,0.70794,0.084379,0.056252,0.22501,0.1125,0.035158,0,0.028126,0.028126,0,0.056252,0,0.6469
1,0.014164,0.95964,0.077904,0.028329,0.14164,0.12748,0.18414,0.014164,0.014164,0.014164,0.014164,0.028329,0,0.014164
1,0,0.031236,0.015759,0.0033177,0.01493,0.0066355,0.0026957,0.0016589,0.0016589,0.0099532,0.0016589,0.0033177,0.066355,0.99698
0,0,0.092529,0.00098471,0.0067911,0.023769,0.027164,0.00042444,0,0.0033956,0.0033956,0.0033956,0.0067911,0.92359,0.37012
0,0,0.0097894,0.00033248,0.00049997,0.0039998,0.0019999,0.00049997,0,0.00049997,0.00049997,0,0.00099994,0.99994,0.0014999
0,0.032002,0.98407,0.050724,0.064005,0.064005,0.12801,0.018721,0,0,0,0.032002,0.032002,0,0.032002
0,0,0.18458,0.0030672,0.0073466,0.02204,0.014693,0.0018367,0,0,0,0.0036733,0.0073466,0.8816,0.43345
0,0.0061234,0.19032,0.0091851,0.0061234,0.055111,0.024494,0.00024494,0,0,0,0,0.0061234,0.97975,0.0061234
1,0.017872,0.92184,0.26808,0.035744,0.14298,0.071488,0.15191,0.017872,0.017872,0.16085,0,0.035744,0,0.017872
0,0,0.1789,0.0014183,0.0097811,0.0048906,0.0048906,0,0,0.0048906,0.048906,0,0.0097811,0.97811,0.092921
1,0.004829,0.16216,0.01328,0.0096581,0.033803,0.019316,0.020523,0.004829,0.004829,0.028974,0,0.0096581,0.98513,0.004829
1,0,0.20323,0.02927,0.019513,0.05854,0.039027,0.00039027,0.0097567,0,0,0,0.019513,0.97567,0.0097567
0,0.0002803,0.010138,0.0050804,0.0005606,0.0025227,0.0011212,2.3825e-05,0,0,0,0,0.0005606,0.089696,0.9959
0,0.0065077,0.33026,0.003807,0.013015,0.0065077,0.0065077,0,0,0,0,0,0.013015,0.94361,0.0065077
0,0,0.11667,0.0041067,0.0098955,0.054426,0.019791,0.0020533,0,0.0049478,0.0049478,0.0049478,0.0098955,0.98955,0.059373
1,0.0014043,0.049389,0.0063194,0.0028086,0.01966,0.011234,0.0080748,0,0,0,0.0014043,0.0014043,0.99846,0.0014043
1,0,0.0087177,0.0031337,0.00029845,0.00044767,0.00074612,0.0014922,0.00014922,0.00014922,0.0019399,0,0.00029845,0,0.99995
1,0.0025181,0.071138,0.0022034,0.0050363,0.017627,0.010073,0.0024174,0.0025181,0.0025181,0.0075544,0.0025181,0.0050363,0.99718,0.0025181
0,0.00048856,0.015424,0.00030535,0.00097712,0.0019542,0.0019542,0.00012214,0,0,0,0,0.00097712,0.18565,0.98249
0,0,0.19288,0.018225,0.0060749,0.030374,0.018225,0,0,0,0,0,0.01215,0.97198,0.12757
1,0.00033827,0.0065693,0.0021988,0.00067655,0.0030445,0.0027062,0.00049388,0.00033827,0.00033827,0.0023679,0,0.00067655,0.027062,0.9996
1,0.00090575,0.035397,0.0054345,0.0018115,0.0063403,0.003623,0.0011684,0.00090575,0.00090575,0.0045288,0.00090575,0.0018115,0.097821,0.99452
0,0.0070805,0.12094,0.023295,0.014161,0.021242,0.028322,0.002372,0,0,0,0.0070805,0.014161,0.99127,0.021242
0,0.0060023,0.26908,0.042016,0.0060023,0.048019,0.024009,0.0097538,0,0,0,0,0.012005,0.96037,0.018007
0,0.015966,0.25944,0,0.015966,0.095793,0.063862,0.0039914,0,0,0,0,0.031931,0.95793,0.015966
1,0,0.27194,0.042934,0.01321,0.072658,0.026421,0.0033026,0.0066052,0.0066052,0.019816,0.0066052,0.01321,0.95776,0.0066052
1,0.00043777,0.01266,0.0065666,0.00087554,0.0035022,0.0035022,0.0023355,0.00043777,0.00043777,0.0048155,0,0.00087554,0,0.99987
0,0,0.094364,0.0072116,0.0072116,0.018029,0.010817,0,0,0,0,0.0036058,0.0072116,0.9952,0.0072116
1,0.00071474,0.027574,0.0023836,0.0014295,0.0064326,0.0028589,0.0028589,0.00071474,0.00071474,0.010006,0,0.0014295,0.27374,0.96132
1,0.036002,0.90616,0.21601,0.072004,0.28801,0.14401,0.036002,0.036002,0.036002,0.10801,0,0.072004,0,0.036002
1,0,0.3284,0.0043717,0.023316,0.12824,0.046631,0.0068199,0.011658,0.011658,0.046631,0,0.023316,0.93263,0.011658
1,0.013223,0.97081,0.2347,0.026445,0.013223,0.013223,0,0.013223,0,0,0.013223,0.026445,0,0.013223
0,0.00024993,0.0056235,0.0028742,0.00024993,0.0017495,0.00099973,0.0003749,0,0,0,0.00024993,0.00049986,0,0.99998
0,0,0.085998,0.0039565,0.0063304,0.0031652,0.0031652,0,0,0.0031652,0.0031652,0,0.0063304,0.2912,0.95272
1,0,0.19217,0.086062,0.020049,0.13032,0.080198,0.0075185,0.010025,0.010025,0.070173,0,0.020049,0.96237,0.010025
1,0,0.13751,0,0.010751,0.043006,0.021503,0,0,0,0,0,0.016127,0.98913,0.0053757
0,0.0021686,0.068462,8.6743e-05,0.0021686,0.0043372,0.0086743,0.0092164,0,0,0,0.0021686,0.0043372,0.99755,0.0021686
0,0,0.022621,0.0085458,0.0020108,0.011059,0.0040216,0.0017594,0.0010054,0.0010054,0.010054,0,0.0020108,0.080431,0.99634
0,0,0.027977,0.0015258,0.0024413,0.013427,0.0048825,0.00030516,0,0,0,0.0012206,0.0024413,0.14648,0.98871
0,0.00018008,0.0041869,0.0022735,0.00036016,0.0014406,0.00072032,2.251e-05,0,0.00018008,0.00036016,0,0.00036016,0,0.99999
0,0,0.1045,0.0038436,0.0035425,0.049595,0.01417,0.0035425,0,0,0,0,0.007085,0.9919,0.049595
0,0,0.11679,0.021898,0.0072993,0.0072993,0.014599,0.0045621,0,0,0,0,0.0072993,0.99271,0.0036497
1,0.00091105,0.024598,0.0013666,0.00091105,0.0081995,0.0036442,0.00034165,0.00091105,0,0,0.00091105,0.0018221,0.23687,0.97118
0,0.0049592,0.095861,0.05413,0.0099184,0.039673,0.024796,0.0029011,0,0.0049592,0.0099184,0.0049592,0.0099184,0.99184,0.039673
0,0.0044812,0.1602,0.010822,0.0089623,0.04033,0.017925,0.00056014,0,0.0044812,0.0089623,0,0.0089623,0.98585,0.0089623
0,0.0061893,0.11654,0,0.012379,0.068082,0.024757,0.0041159,0,0,0,0,0.012379,0.99028,0.012379
1,0,0.077231,0.010074,0.0053726,0.02149,0.010745,0.0029146,0.0026863,0.0026863,0.0026863,0.0026863,0.0053726,0.99662,0.0026863
1,0.0014913,0.05133,0.0063379,0.0029826,0.0044738,0.0074564,0.0048466,0.0014913,0.0014913,0.0029826,0,0.0029826,0.40861,0.91117
0,0,0.18146,0.016372,0.0054574,0.032744,0.021829,0.010915,0,0,0,0,0.010915,0.98232,0.0054574
1,0.017601,0.94902,0.16941,0.035201,0.17601,0.070402,0.15251,0.017601,0.017601,0.088003,0,0.035201,0,0.017601
0,0.0049568,0.12516,0.0049568,0.0099135,0.029741,0.019827,0.0024784,0,0,0,0,0.0099135,0.99135,0.0049568
0,0.0080374,0.26057,0.017401,0.0080374,0.03215,0.0080374,0,0,0,0,0,0.016075,0.96449,0.0080374
0,0,0.96482,0.22885,0.045769,0.045769,0.045769,0,0,0,0,0,0.091539,0,0.045769
1,0,0.22125,0.062654,0.0078318,0.01958,0.0039159,0,0.0039159,0.0039159,0.058739,0,0.0078318,0,0.97114
1,0.0001248,0.0040248,2.0592e-05,0.0001248,0.00099841,0.00099841,0.0004056,0.0001248,0.0001248,0.0001248,0.0001248,0.0002496,0.053914,0.99854
1,0,0.060104,0.034699,0.0058638,0.023455,0.023455,0.017591,0.0029319,0,0,0,0.0058638,0.99684,0.0029319
0,0,0.28823,0.052406,0.019057,0.038113,0.038113,0.052406,0,0,0,0.0095283,0.0095283,0.95283,0.0095283
0,0,0.061313,0.0016713,0.0049888,0.014966,0.019955,0.0043652,0.0024944,0,0,0,0.0049888,0.99776,0.0024944
1,0.0095634,0.22158,0.10639,0.019127,0.13389,0.076507,0.0043992,0.0095634,0.0095634,0.0095634,0,0.019127,0.95634,0.0095634
0,0,0.0060661,0.0021616,0.00038429,0.00019215,0.00019215,0,0,0,0,0,0.00038429,0.035355,0.99935
1,0,0.00289,4.8272e-05,0.00017878,0.0011621,0.00035757,3.5757e-06,8.9392e-05,0,0,0,0.00017878,0.039332,0.99922
1,0.0025969,0.062119,0.0038954,0.0051939,0.0051939,0.020776,0.0048693,0.0025969,0.0025969,0.015582,0,0.0051939,0.51939,0.8518
1,0.0038275,0.14066,0.00047844,0.0038275,0.03062,0.01531,0.0057413,0,0,0,0.0038275,0.007655,0.88798,0.43634
0,0.0044235,0.13195,0.0055293,0.0044235,0.017694,0.017694,0.0011059,0,0,0,0,0.0088469,0.99086,0.0044235
1,0,0.035434,0.00073576,0.002943,0.016187,0.011772,0.0018394,0.0014715,0.0014715,0.0014715,0,0.002943,0,0.99916
0,0.0028747,0.060858,0.00071868,0.0028747,0.022998,0.022998,0.00071868,0,0,0,0,0.0057494,0.80492,0.58932
0,0.0079761,0.25061,0.12363,0.015952,0.063809,0.031904,0.0039881,0.0079761,0,0,0,0.015952,0.95713,0.0079761
1,0.0011869,0.027098,0.0035608,0.0023739,0.0083086,0.0047478,0.0015312,0.0011869,0.0011869,0.0011869,0,0.0023739,0.3086,0.95074
0,0.002299,0.086212,0.0040232,0.002299,0.018392,0.011495,0.00057475,0.002299,0,0,0.002299,0.004598,0.37703,0.92189
0,0,0.068762,0.012462,0.0055386,0.024924,0.011077,0.0027693,0,0,0,0.0027693,0.0055386,0.99696,0.019385
0,0.0049121,0.17846,0.018617,0.0098242,0.044209,0.019648,0.0057226,0.0049121,0,0,0.0049121,0.0098242,0.98242,0.0049121
1,0,0.04951,0.00078588,0.0020957,0.011526,0.0083827,0.0028816,0.0010478,0.0010478,0.0010478,0,0.0020957,0.34893,0.93572
0,0.0079961,0.25651,0.031984,0.0079961,0.10395,0.031984,0.011994,0,0,0,0.0079961,0.015992,0.95953,0.0079961
0,0,0.22765,0.079393,0.014889,0.081887,0.059554,0.00063276,0,0.0074443,0.089331,0.0074443,0.014889,0.96031,0.029777
1,0.0095603,0.26606,0.014723,0.019121,0.086043,0.038241,0.035851,0.0095603,0.0095603,0.047802,0.0095603,0.019121,0.95603,0.038241
0,0.0047617,0.26108,0.073807,0.0095234,0.047617,0.042855,0,0.0047617,0.0047617,0.095234,0,0.0095234,0.72378,0.62378
1,0.0012891,0.020729,0.00096683,0.0025782,0.010313,0.0051564,0.0022559,0.0012891,0.0012891,0.0064455,0.0012891,0.0025782,0.45376,0.89077
0,0.0038216,0.093936,0.04777,0.0076433,0.034395,0.015287,0.0033439,0.0038216,0,0,0.0038216,0.0076433,0.99363,0.0038216
1,0.00092453,0.030204,0.0050849,0.0018491,0.01017,0.0073962,0.0050849,0.00092453,0.00092453,0.011094,0.00092453,0.0018491,0.37721,0.92545
1,0.0018417,0.055563,0.00092084,0.0036834,0.014733,0.0073667,0.0032229,0.0018417,0.0018417,0.020258,0,0.0036834,0.058934,0.99635
0,0.0034906,0.077666,0.0016057,0.0069812,0.013962,0.013962,0.00043632,0,0,0,0.0034906,0.0069812,0.97737,0.19547
1,0.0012667,0.052883,0.001216,0.0025333,0.017733,0.0050666,0.0031667,0.0012667,0,0,0,0.0025333,0.646,0.76126
0,0.0044621,0.16362,0.0089241,0.0089241,0.013386,0.017848,0.0011155,0,0,0,0.0044621,0.0089241,0.98612,0.0044621
0,0.031081,0.80282,0.39892,0.062162,0.40405,0.12432,0.01554,0,0,0,0,0.062162,0,0.093243
1,0.0030281,0.090602,0.0055566,0.0060563,0.024225,0.024225,0.013127,0.0030281,0,0,0,0.0060563,0.78731,0.60865
0,0.004966,0.099716,0.0012415,0.0099319,0.054626,0.019864,0.00062074,0,0,0,0,0.0099319,0.99319,0.004966
1,0.011999,0.23603,0.0044998,0.023999,0.13199,0.047998,0.023999,0.011999,0.011999,0.023999,0.011999,0.023999,0.95996,0.011999
1,0.00033317,0.017132,1.3327e-05,0.00066634,0.0046644,0.0026653,1.3327e-05,0.00033317,0,0,0,0.00066634,0,0.99984
0,0.01517,0.9519,0.10619,0.030339,0.1517,0.13653,0,0,0,0,0,0.030339,0,0.19721
0,0.0024865,0.1009,0.0081806,0.004973,0.017405,0.009946,0.0087027,0,0,0,0.0024865,0.0024865,0.9946,0.0024865
0,0,0.081315,0.0010457,0.0099589,0.029877,0.019918,0.00062243,0,0,0,0,0.0099589,0.99589,0.0099589
0,0.00035402,0.010444,0.00020533,0.00070804,0.0031862,0.0014161,0.00010267,0,0.00035402,0.00035402,0,0.00070804,0.12037,0.99267
0,0.0041225,0.14016,0.018551,0.008245,0.024735,0.01649,0.0041225,0.0041225,0,0,0.0041225,0.008245,0.9894,0.0041225
1,0,0.36212,0,0.010118,0.040471,0.020236,0,0,0,0,0,0.015177,0.93084,0.0050589
1,0.0024855,0.10439,0.00050952,0.004971,0.0074565,0.019884,0.012738,0.0024855,0,0,0,0.004971,0.99419,0.0024855
0,0,0.083502,0.040823,0.0037112,0.040823,0.014845,0.011134,0.0037112,0,0,0.0037112,0.0074224,0.99461,0.0037112
0,0.00074624,0.018223,0.0014925,0.0014925,0.0074624,0.0014925,0.00012313,0,0.00074624,0.0014925,0,0.0014925,0.2388,0.97086
1,0.0030938,0.13715,0.0015469,0.0061876,0.0092814,0.02475,0.015469,0.0030938,0,0,0.0030938,0.0061876,0.99002,0.0030938
1,0,0.036566,0.01868,0.0031796,0.022257,0.012719,0.00079491,0.0015898,0.0015898,0.0031796,0.0015898,0.0031796,0.47694,0.87758
0,0.00022111,0.0076107,0.00029518,0.00044222,0.00066334,0.0011056,2.7639e-05,0,0,0,0.00022111,0.00044222,0.097289,0.99523
1,0.0013411,0.030953,0.015423,0.0026823,0.0040234,0.0053645,0.004694,0.0013411,0.0013411,0.01207,0,0.0026823,0.075103,0.99646
0,0.0056785,0.14719,0.0049687,0.011357,0.022714,0.022714,0.0021295,0,0.0056785,0.011357,0.0056785,0.011357,0.98807,0.022714
1,0,0.82421,0.42195,0.093767,0.2813,0.18753,0.064465,0.046883,0,0,0.046883,0.093767,0,0.046883
0,0.0090187,0.18416,0.0097853,0.018037,0.099206,0.036075,0.013528,0,0,0,0,0.018037,0.97402,0.07215
1,0.0012929,0.040946,0.020899,0.0025858,0.0025858,0.0051715,0.0038787,0.0012929,0.0012929,0.011636,0,0.0025858,0.32322,0.9451
0,0,0.97402,0.033832,0.033832,0.016916,0.016916,0.10995,0,0.016916,0.016916,0,0.033832,0,0.18607
1,0.0037447,0.22345,0.0057669,0.0074894,0.041192,0.014979,0.00046809,0.0037447,0,0,0.0037447,0.0074894,0.97363,0.0037447
1,0,0.046463,0.0099812,0.0014259,0.00071295,0.00071295,0,0.00071295,0.00071295,0.0078424,0.00071295,0.0014259,0,0.99884
0,0.0071955,0.21644,0.0074833,0.0071955,0.021587,0.035978,0.0035978,0.0071955,0.0071955,0.071955,0.0071955,0.014391,0.94981,0.20867
1,0.0028269,0.13733,0.018375,0.0056538,0.031096,0.022615,0.016961,0.0028269,0,0,0.0028269,0.0056538,0.98941,0.0028269
0,0,0.61454,0.29971,0.026062,0.10425,0.2085,0.078186,0,0,0,0.026062,0.052124,0.52124,0.44305
1,0.018145,0.36599,0.16784,0.036291,0.14516,0.072581,0.030212,0.018145,0.018145,0.054436,0.018145,0.036291,0.72581,0.52622
1,0.0012613,0.060756,0.0096173,0.0025226,0.011352,0.01009,0.01955,0.0012613,0.0012613,0.015135,0,0.0025226,0,0.99768
1,0.0017135,0.039839,0.0025702,0.003427,0.018848,0.0068539,0.0040695,0.0017135,0.0017135,0.0051405,0.0017135,0.003427,0,0.99896
0,0.0061024,0.1968,0.085434,0.0061024,0.0061024,0.0061024,0,0,0.0061024,0.012205,0,0.012205,0.97639,0.012205
0,0.0054458,0.18287,0.0018243,0.0054458,0.070795,0.021783,0.00046289,0,0,0,0,0.010892,0.98024,0.0054458
0,0.0024613,0.058037,0.0011322,0.0024613,0.022152,0.0098451,0.0064609,0.0024613,0.0024613,0.014768,0.0024613,0.0049226,0.51195,0.85653
0,0.00498,0.084261,0.0016683,0.00498,0.01992,0.01992,0.0014442,0,0,0,0,0.00498,0.99599,0.00498
0,0,0.059035,0.02409,0.0056682,0.022673,0.011336,0.00046763,0,0,0,0,0.0056682,0,0.99761
1,0,0.0057355,0.0015622,0.00018935,0.0010414,0.00037871,0.0010414,9.4677e-05,0,0,9.4677e-05,0.00018935,0.0019882,0.99998
0,0.029438,0.92937,0.14719,0.029438,0.17663,0.11775,0.25023,0.029438,0,0,0,0.058877,0,0.029438
1,0,0.041003,0.020223,0.0032802,0.021322,0.013121,0.0057404,0.0016401,0.0016401,0.0098407,0,0.0032802,0.65605,0.75281
0,0.0070276,0.15109,0.068519,0.014055,0.056221,0.02811,0.0017569,0.0070276,0,0,0,0.014055,0.98386,0.0070276
0,0.0053942,0.11015,0,0.010788,0.043153,0.021577,0,0,0,0,0,0.016182,0.99252,0.0053942
0,0,0.12495,0.066804,0.0049484,0.0049484,0.0049484,0.0098969,0,0.0049484,0.0049484,0.0049484,0.0098969,0.98969,0.0098969
1,0.02224,0.95254,0.10286,0.04448,0.24464,0.08896,0.10186,0.02224,0,0,0,0.02224,0,0.02224
1,0.000173,0.004614,0.00030275,0.000173,0.001384,0.00069201,0.000173,0.000173,0.000173,0.00086501,0.000173,0.000346,0.02768,0.9996
1,0.00072354,0.041842,0.0050937,0.0014471,0.0050648,0.0028942,0.01013,0.00072354,0.00072354,0.0043412,0.00072354,0.0014471,0.26047,0.96448
1,0.00011297,0.0063171,0.0012991,0.00022593,0.00011297,0.00011297,0.00056483,0.00011297,0.00011297,0.00056483,0,0.00022593,0,0.99998
1,0.00079926,0.041026,0.0079926,0.0015985,0.0023978,0.0039963,0,0.00079926,0.00079926,0.0087918,0,0.0015985,0,0.99907
0,0.003438,0.13694,0.001719,0.006876,0.024066,0.013752,0.0008595,0.003438,0,0,0,0.003438,0.99014,0.003438
1,0.0014867,0.041002,0.0030328,0.0014867,0.0089199,0.0059466,0.0029733,0.0014867,0.0014867,0.00446,0.0014867,0.0029733,0.55006,0.83401
1,0.00080257,0.024213,0.0052167,0.0016051,0.010433,0.0032103,0.002508,0.00080257,0.00080257,0.0064205,0,0.0016051,0.26485,0.96388
0,0.0076461,0.3963,0.015598,0.0076461,0.0076461,0.0076461,0.011469,0,0,0,0,0.015292,0.91754,0.015292
0,0,0.20261,0.089148,0.0081043,0.048626,0.032417,0.03647,0.0081043,0,0,0,0.016209,0.97252,0.0081043
0,0.0041321,0.1226,0.0030991,0.0041321,0.033057,0.016528,0.00016528,0,0,0,0,0.0082642,0.9917,0.0041321
1,0,0.1102,0.0012274,0.0065459,0.042548,0.013092,0.0012274,0,0,0,0,0.0065459,0.98188,0.14728
1,0.0028497,0.07338,0.0021373,0.0056994,0.022798,0.014249,0.00071243,0.0028497,0,0,0,0.0056994,0.99455,0.068393
1,0,0.019604,0.00071114,0.0013676,0.0054703,0.0027352,0.0017095,0.00068379,0.00068379,0.003419,0.00068379,0.0013676,0.20514,0.97851
1,0,0.060064,0.0012458,0.0099663,0.043187,0.0033221,0.033221,0,0,0,0.0033221,0.0033221,0.99663,0.0033221
1,0.00071099,0.014518,0.0049769,0.001422,0.0056879,0.0028439,0.0011554,0.00071099,0.00071099,0.002133,0,0.001422,0.1422,0.98969
1,9.9998e-06,0.000175,0.00022,2.9999e-05,9.9998e-06,6.9999e-05,0,0,0,0,9.9998e-06,2.9999e-05,0.0044999,0.99999
0,0.0070632,0.1277,0.047677,0.0070632,0.049443,0.028253,0.00028253,0,0,0,0,0.014126,0.98885,0.0070632
1,0.00039297,0.018733,0.00098242,0.00078593,0.0027508,0.0019648,0.00098242,0.00039297,0.00039297,0.0047156,0.00039297,0.00078593,0.16112,0.98674
1,0.016659,0.95656,0.1416,0.033318,0.16659,0.13327,0.11661,0.016659,0.016659,0.049977,0,0.033318,0,0.016659
1,0.00099174,0.013636,0.003967,0.00099174,0.0089257,0.003967,0.0017356,0.00099174,0.00099174,0.0019835,0.00099174,0.0019835,0.11901,0.99274
1,0.0024617,0.047585,0.023386,0.0049235,0.027079,0.0098469,0.0024617,0.0024617,0,0,0.0024617,0.0049235,0.1477,0.98715
0,0,0.068254,0.036322,0.0062275,0.012455,0.02491,0.00026467,0,0,0,0,0.0062275,0.9964,0.018683
0,0.0081734,0.14369,0.081734,0.016347,0.073561,0.065387,0.0013486,0,0.0081734,0.0081734,0,0.016347,0.98081,0.016347
0,0.0049189,0.17133,0.012297,0.0049189,0.04427,0.019676,0.014757,0,0,0,0,0.0049189,0.98379,0.0049189
0,0.0030256,0.088258,0.01059,0.0060513,0.027231,0.012103,0.01059,0.0030256,0.0030256,0.0090769,0.0030256,0.0060513,0.99544,0.0030256
0,0.0074344,0.15924,0.0055758,0.0074344,0.089213,0.052041,0.0055758,0,0,0,0.0074344,0.014869,0.98134,0.022303
0,0.0031133,0.056569,0.031912,0.0062267,0.024907,0.024907,0.003378,0,0,0,0,0.0062267,0.99626,0.043587
0,0.0032355,0.090594,0.0097065,0.006471,0.02912,0.012942,0.0024266,0,0,0,0.0032355,0.006471,0.97065,0.22001
1,0,0.92901,0.21284,0.040542,0.22298,0.081083,0.10135,0.020271,0.020271,0.1419,0.020271,0.040542,0,0.020271
0,0.038208,0.86924,0.4394,0.076417,0.11463,0.15283,0.015857,0,0,0,0,0.076417,0,0.038208
0,0,0.10463,0.011599,0.0066282,0.0066282,0.013256,0.0099422,0.0033141,0,0,0.0033141,0.0066282,0.99422,0.0033141
1,0,0.071597,0.026297,0.0070124,0.014025,0.014025,0.0052593,0.0035062,0.0035062,0.0035062,0,0.0070124,0.56099,0.82396
1,0,0.25554,0.028079,0.024051,0.036076,0.060126,0.0060126,0.012025,0.012025,0.048101,0,0.012025,0.96202,0.012025
1,0.0080722,0.21529,0.034307,0.016144,0.10494,0.032289,0.03463,0.0080722,0.0080722,0.0080722,0.0080722,0.016144,0.96866,0.0080722
0,0,0.080118,0.004881,0.005863,0.0029315,0.0029315,0,0,0,0,0,0.005863,0.99671,0.005863
1,9.9864e-05,0.0042023,0.00010386,0.00019973,0.00089878,0.00039946,0.00049932,9.9864e-05,9.9864e-05,0.00059919,9.9864e-05,0.00019973,0.049932,0.99874
0,0,0.14928,0.0818,0.01636,0.07362,0.03272,0.00818,0,0.00818,0.00818,0,0.01636,0.9816,0.01636
0,0,0.053874,0.0018903,0.0037806,0.020793,0.0075612,0.0018903,0.0018903,0.0018903,0.0037806,0.0018903,0.0037806,0.31568,0.94704
1,0,0.023299,0.006502,0.0021673,0.006502,0.0043347,0.0027092,0.0010837,0.0010837,0.003251,0,0.0021673,0.086694,0.9959
1,0.0080325,0.17535,0.088358,0.016065,0.11246,0.03213,0.0023294,0.0080325,0.0080325,0.048195,0,0.016065,0.97194,0.0080325
0,0.0027717,0.060755,0.0013858,0.0055434,0.022173,0.011087,0.00034646,0,0,0,0,0.0055434,0.99781,0.0027717
1,0.0063188,0.20643,0.056869,0.0063188,0.056869,0.05055,0.033173,0.0063188,0,0,0.0063188,0.012638,0.97309,0.0063188
0,0,0.16968,0.0037431,0.0074863,0.041175,0.014973,0.00046789,0,0,0,0.0037431,0.0074863,0.98445,0.0037431
0,0,0.15648,0.0038822,0.0066362,0.0066362,0.0066362,0.00082952,0,0,0,0,0.013272,0.79634,0.58398
0,0,0.21649,0.0065238,0.024162,0.096649,0.048325,0.021142,0,0.012081,0.012081,0.012081,0.024162,0.96649,0.072487
0,0.0035433,0.11693,0.0088583,0.0035433,0.03189,0.014173,0.024803,0,0,0,0.0035433,0.0070866,0.99213,0.0035433
0,0,0.1399,0.0020674,0.012342,0.067884,0.024685,0.0046284,0,0,0,0,0.0061712,0.9874,0.0061712
0,0.02203,0.76377,0.023792,0.04406,0.15421,0.088119,0.025665,0,0,0,0,0.02203,0.61683,0.02203
1,0.0038113,0.11308,0.005393,0.0076227,0.034302,0.030491,0.0028585,0.0038113,0.0038113,0.0038113,0,0.0076227,0.91472,0.38494
0,0.0019081,0.060734,0.0047702,0.0038162,0.011448,0.0076323,0.014311,0.0019081,0,0,0.0019081,0.0038162,0.99792,0.0019081
1,0,0.0082227,0.00072998,0.00079562,0.0043759,0.0015912,0.00082943,0.00039781,0.00039781,0.001989,0,0.00079562,0.087518,0.99611
0,0.0054562,0.18415,0.015005,0.010912,0.016369,0.027281,0,0,0,0,0,0.010912,0.98212,0.0054562
1,0.0076661,0.16927,0.0063628,0.015332,0.061329,0.061329,0.016597,0,0,0,0.0076661,0.015332,0.98126,0.0076661
1,0,0.0053739,0.0018206,0.00030344,0.0016689,0.0012138,0.0021241,0.00015172,0.00015172,0.0012138,0,0.00030344,0,0.99998
1,0.0023023,0.073491,0.010268,0.0046047,0.029931,0.018419,0.013906,0.0023023,0.0023023,0.006907,0,0.0046047,0.71603,0.69301
0,0,0.15539,0.005415,0.013709,0.020563,0.027417,0.00058262,0,0,0,0,0.013709,0.98703,0.0068544
0,0.005534,0.14759,0.080713,0.011068,0.016602,0.02767,0,0,0,0,0.005534,0.011068,0.98505,0.005534
1,0.020942,0.92147,0.041885,0.041885,0.1466,0.08377,0.036649,0.020942,0.020942,0.041885,0.020942,0.041885,0,0.33508
0,0.0040065,0.12088,0.0043471,0.0040065,0.032052,0.016026,0.00016026,0,0,0,0,0.008013,0.6811,0.72117
0,0.0032989,0.12453,0.023092,0.0065978,0.036288,0.026391,0.037937,0.0032989,0.0032989,0.023092,0.0032989,0.0065978,0.98967,0.019793
0,0.0013574,0.023185,0.00011538,0.0013574,0.010859,0.0054297,5.4297e-05,0,0,0,0,0.0027149,0.19004,0.98142
0,0.0048536,0.23865,0.011115,0.0097071,0.0048536,0.0048536,0.0014075,0,0,0,0,0.0097071,0.97071,0.019414
0,0.040915,0.93777,0.0069555,0.08183,0.2864,0.16366,0.0034778,0,0,0,0,0.040915,0,0.040915
0,0,0.21238,0.0076221,0.0060977,0.018293,0.048781,0.0030488,0,0,0,0.0060977,0.012195,0.97563,0.0060977
0,0.021789,0.96417,0.23968,0.021789,0.043578,0.087156,0.032684,0.021789,0,0,0,0.021789,0,0.021789
1,0.0096377,0.57345,0.026504,0.019275,0.08674,0.038551,0.016866,0.0096377,0.0096377,0.048189,0.0096377,0.019275,0.57826,0.56863
1,6.6176e-05,0.0016875,2.4816e-05,0.00013235,0.00046323,0.0002647,1.6544e-05,6.6176e-05,6.6176e-05,0.00019853,0,0.00013235,0.017206,0.99985
0,0,0.12206,0.0030531,0.0058713,0.017614,0.011743,0.0019522,0,0,0,0,0.0058713,0.70456,0.69869
0,0.0092568,0.45895,0.17588,0.018514,0.0092568,0.0092568,0,0.0092568,0.0092568,0.0092568,0,0.018514,0.87014,0.0092568
0,0,0.1054,0.0049253,0.0031074,0.0031074,0.0031074,0,0.0031074,0,0,0,0.0062148,0.99437,0.0031074
0,0.00093988,0.018018,0.0037595,0.00093988,0.0028196,0.0037595,0.00093988,0,0,0,0.00093988,0.0018798,0.33836,0.94082
0,0,0.19943,0.019658,0.00814,0.06512,0.03256,0,0,0,0,0,0.01628,0.9768,0.00814
1,0.002136,0.049834,0.003204,0.0042721,0.017088,0.017088,0.0030225,0.002136,0,0,0,0.0042721,0.90141,0.42934
0,0.010079,0.69718,0.090713,0.020158,0.010079,0.010079,0.040317,0,0.010079,0.010079,0,0.020158,0.70554,0.070554
1,6.6662e-05,0.0031778,1.9332e-05,0.00013332,0.00053329,0.00033331,0.00099993,6.6662e-05,6.6662e-05,0.0013332,0,0.00013332,0,0.99999
0,0,0.95466,0.071779,0.028712,0.22969,0.11485,0.071779,0,0,0,0.028712,0.057423,0,0.086135
1,0.010762,0.46547,0.032287,0.021525,0.11839,0.086098,0.064574,0.010762,0.010762,0.11839,0,0.021525,0.86098,0.010762
0,0.0055055,0.12663,0.0034409,0.0055055,0.033033,0.022022,0.00068818,0.0055055,0,0,0,0.011011,0.99098,0.011011
0,0.0028569,0.099277,0.0071422,0.0057138,0.03714,0.014284,0.0014284,0,0,0,0,0.0057138,0.9942,0.0028569
1,0.015618,0.88368,0.28894,0.031236,0.031236,0.078091,0.23427,0.015618,0.015618,0.26551,0.015618,0.031236,0,0.015618
1,0,0.94004,0.14185,0.042565,0.23411,0.085129,0.15696,0.021282,0.021282,0.063847,0.021282,0.042565,0,0.021282
1,0,0.97638,0,0.04405,0.1762,0.088101,0.055063,0.022025,0,0,0,0.04405,0,0.022025
0,0.0059908,0.20518,0.010484,0.011982,0.053917,0.029954,0.0014977,0.0059908,0,0,0.0059908,0.011982,0.9765,0.0059908
0,0,0.18412,0.01876,0.0081831,0.016366,0.032732,0.0040916,0,0,0,0.0040916,0.0040916,0.98197,0.0040916
0,0.011615,0.35519,0.031477,0.011615,0.081305,0.04646,0.0014519,0,0,0,0.011615,0.011615,0.9292,0.011615
0,0.0029766,0.082362,0.0022324,0.0059532,0.032743,0.023813,0.00049114,0,0,0,0.0029766,0.0059532,0.65485,0.7501
0,0.0097545,0.18943,0.07072,0.019509,0.068281,0.039018,0.00039018,0,0.0097545,0.0097545,0,0.019509,0.97545,0.019509
1,0,0.136,0.0032905,0.006581,0.0098715,0.016452,0.0074036,0.0032905,0,0,0.0032905,0.006581,0,0.99044
0,0,0.14501,0.009256,0.012341,0.055536,0.024683,0.0053994,0,0,0,0.0061707,0.012341,0.98731,0.0061707
1,0.00030256,0.0095821,0.00025113,0.00060512,0.0042359,0.0012102,0.00040392,0.00030256,0.00030256,0.0024205,0.00030256,0.00060512,0.091676,0.99573
1,0,0.0059411,0.0036653,0.00066641,0.0046649,0.0026657,0.00033321,0.00033321,0.00033321,0.0036653,0,0.00066641,0,0.99995
0,0,0.13378,0.0090749,0.0040333,0.052433,0.016133,0.014117,0,0,0,0.0040333,0.0080666,0.80666,0.57273
0,0,0.97102,0.12947,0.036991,0.11097,0.14796,0.055487,0,0,0,0,0.036991,0,0.018496
0,0,0.12585,0.0055695,0.0099013,0.054457,0.019803,0.0063864,0.0049507,0.0049507,0.0099013,0,0.0099013,0.99013,0.0049507
0,0.0033025,0.13401,0.0049537,0.0066049,0.0099074,0.016512,0,0,0,0,0,0.0033025,0.99074,0.0033025
0,0.0041375,0.098969,0.0024204,0.0041375,0.053787,0.0331,0.00051718,0,0,0,0,0.008275,0.993,0.008275
1,0.00049261,0.027586,0.0061577,0.00098523,0.0019705,0.0039409,0.0039409,0.00049261,0,0,0.00049261,0.00098523,0.011823,0.99951
1,0,0.36803,0.039256,0.012913,0.18079,0.10331,0.0328,0.012913,0.012913,0.012913,0,0.025826,0.90393,0.012913
1,0.0027658,0.088726,0.011063,0.0055315,0.01936,0.011063,0.0069144,0.0027658,0,0,0.0027658,0.0055315,0.99567,0.0027658
0,0.0028747,0.060857,0.0025154,0.0028747,0.022998,0.022998,0.00071868,0,0,0,0,0.0057494,0.80492,0.58931
1,0.0044371,0.15162,0.040689,0.0088743,0.035497,0.017749,0.019967,0.0044371,0.0044371,0.053246,0.0044371,0.0088743,0,0.98504
0,0.0013035,0.056374,0.03286,0.0026069,0.014338,0.010428,0.00027373,0.0013035,0.0013035,0.0013035,0,0.0026069,0.99063,0.11861
1,0,0.97373,0.15274,0.050914,0.10183,0.10183,0.025457,0.025457,0,0,0.025457,0.050914,0,0.025457
1,0.00017197,0.0064352,0.00035082,0.00034394,0.0015477,0.00068789,6.8789e-06,0.00017197,0,0,0.00017197,0.00034394,0.068789,0.99761
0,0.0075489,0.22519,0.0154,0.0075489,0.10569,0.060392,0.00030196,0,0,0,0,0.015098,0.96627,0.015098
0,0.0019858,0.074128,0.005292,0.0039715,0.025815,0.007943,0.00032765,0,0,0,0.0019858,0.0039715,0,0.99685
1,0.00019995,0.0062645,0.0038991,0.00039991,0.0015996,0.00079981,0.0013997,0.00019995,0.00019995,0.0031992,0,0.00039991,0,0.99996
0,0.00099834,0.03602,0.0025358,0.0019967,0.00099834,0.00099834,0,0,0,0,0,0.0019967,0,0.99934
1,0.00033247,0.0068157,0.00080292,0.00066495,0.0026598,0.0013299,0.00066495,0.00033247,0.00033247,0.0036572,0.00033247,0.00066495,0.066495,0.99775
0,0.0020352,0.096002,0.011876,0.0040704,0.018317,0.0081409,0.011194,0,0,0,0,0.0040704,0.94638,0.30732
0,0.0053882,0.11854,0.042217,0.0053882,0.016165,0.026941,0.00088906,0,0,0,0.0053882,0.010776,0.99144,0.0053882
1,0.021265,0.43592,0.21265,0.021265,0.17012,0.085058,0.053161,0.021265,0,0,0,0.021265,0.85058,0.021265
1,0.0031805,0.11106,0.0079513,0.0063611,0.028625,0.012722,0,0.0031805,0,0,0.0031805,0.0063611,0.76015,0.63929
0,0.00050822,0.012238,0.0004447,0.0010164,0.0035576,0.0020329,4.3199e-05,0,0.00050822,0.0020329,0,0.0010164,0.12909,0.99155
1,0.0098186,0.36653,0.063821,0.019637,0.06873,0.078549,0.041729,0.0098186,0.0098186,0.11782,0.0098186,0.019637,0.91313,0.0098186
0,0,0.020322,0.0093433,0.0019588,0.0029381,0.0039175,3.9175e-05,0,0,0,0,0.0019588,0.19588,0.98036
1,0.00154,0.056473,0.0050051,0.0030801,0.01694,0.01232,0.01386,0.00154,0,0,0.00154,0.0030801,0.15708,0.98562
1,0.0024836,0.056079,0.024935,0.0049671,0.03477,0.0099343,9.9343e-05,0.0024836,0.0024836,0.022352,0,0.0049671,0.14901,0.98598
1,0,0.0053828,0.0026994,0.00039991,0.0021995,0.0015996,0.00099978,0.00019996,0.00019996,0.00039991,0,0.00039991,0,0.99998
1,0,0.10537,0.0010385,0.0045153,0.02935,0.018061,0.00093693,0.0022577,0.0022577,0.024834,0.0022577,0.0045153,0.99337,0.015804
0,0,0.99853,0,0.01914,0.01914,0.01914,0,0,0,0,0,0.03828,0,0.01914
0,0.0048959,0.19177,0.01224,0.0048959,0.014688,0.039167,0.048959,0,0,0,0.0048959,0.0048959,0.97919,0.0048959
1,0.00021255,0.0083254,0.00034539,0.00042509,0.0017004,0.00085018,0.00031882,0.00021255,0.00021255,0.0021255,0,0.00042509,0.039534,0.99918
0,0,0.14608,0.01077,0.010559,0.047516,0.021118,0.0013199,0,0,0,0.0052795,0.010559,0.95031,0.26925
1,0.00045241,0.0086727,0.0042979,0.00090482,0.0040717,0.0018096,0.00067861,0.00045241,0,0,0,0.00090482,0.054289,0.99847
1,0.00082139,0.032445,0.0034909,0.0016428,0.0065711,0.0041069,0.005339,0.00082139,0.00082139,0.013142,0,0.0016428,0.096102,0.9947
0,0.004118,0.14998,0.0030885,0.004118,0.008236,0.016472,0.002409,0,0,0,0,0.008236,0.98832,0.016472
1,0.036988,0.96798,0.009247,0.073976,0.11096,0.18494,0,0.036988,0,0,0.036988,0.073976,0,0.036988
0,0.0024874,0.098053,0.0042534,0.0024874,0.017412,0.0099496,0.00041042,0,0,0,0,0.0024874,0.99496,0.0024874
1,0.0010255,0.042988,0.0004307,0.0020509,0.0082038,0.0082038,0.00021535,0.0010255,0.0010255,0.0061528,0,0.0020509,0.2256,0.97318
1,0.00010203,0.0021762,0.0007652,0.00020405,0.00061216,0.00040811,0.00014437,0.00010203,0.00010203,0.00010203,0,0.00020405,0.0081621,0.99996
0,0,0.90365,0.056253,0.090005,0.36002,0.18001,0,0,0,0,0,0.090005,0,0.045003
0,0,0.097894,0.010648,0.0070989,0.024846,0.014198,0.0099029,0,0.0035494,0.0035494,0.0035494,0.0070989,0.99384,0.039044
0,0.0061711,0.13317,0.0048752,0.0061711,0.080224,0.024684,0.0041038,0,0,0,0,0.012342,0.98738,0.0061711
1,0.0023733,0.067046,0.012163,0.0047466,0.033226,0.0094932,0.011273,0.0023733,0.0023733,0.0047466,0,0.0047466,0.99679,0.018986
0,0.00024679,0.0066437,0.00055529,0.00049359,0.00074038,0.001234,0.0001234,0,0,0,0.00024679,0.00049359,0.15795,0.98742
1,0,0.033807,0.016977,0.0036707,0.020189,0.0073414,0.0022208,0.0018353,0.0018353,0.0073414,0,0.0036707,0.11012,0.99292
1,0,0.084477,0.021346,0.0072668,0.039967,0.014534,0.011518,0.0036334,0.0036334,0.036334,0,0.0072668,0.43601,0.89382
0,0.0072264,0.1704,0.012935,0.014453,0.057811,0.028906,0.0039022,0,0,0,0.0072264,0.014453,0.98279,0.014453
1,0.012956,0.36704,0.064779,0.025912,0.1166,0.051823,0.14251,0.012956,0,0,0.012956,0.025912,0.90691,0.012956
0,0.0052643,0.13514,0.011634,0.0052643,0.031586,0.021057,0.021057,0.0052643,0,0,0,0.010529,0.9897,0.0052643
0,0,0.064792,0.0037746,0.0045341,0.024937,0.0090681,0.0054749,0.002267,0,0,0.002267,0.0045341,0.9975,0.002267
0,0.00093344,0.021394,0.0029543,0.00093344,0.0074675,0.0037338,0.00015402,0,0,0,0,0.0018669,0.14935,0.98851
0,0,0.10454,0.0044377,0.004267,0.004267,0.004267,0.0021335,0.004267,0.004267,0.012801,0,0.008534,0.76806,0.63151
0,0.0081398,0.20146,0.0043955,0.01628,0.056979,0.032559,0.0081398,0,0,0,0.0081398,0.01628,0.97678,0.01628
1,0.0025347,0.08111,0.0044357,0.0025347,0.025347,0.020278,0.00010139,0.0025347,0,0,0.0025347,0.0050694,0.99614,0.0025347
0,0.008988,0.43214,0.033705,0.017976,0.026964,0.04494,0.008988,0,0,0,0,0.017976,0.8988,0.026964
1,0,0.10091,0.012427,0.0071011,0.031955,0.014202,0.0029647,0.0035506,0,0,0,0.0035506,0.99415,0.0035506
0,0.0019147,0.048672,0.001034,0.0038295,0.017233,0.0076589,0.00031593,0,0.0019147,0.0019147,0,0.0038295,0.52081,0.85205
0,0.012071,0.22427,0.12421,0.024142,0.012071,0.012071,0.0050094,0,0,0,0,0.024142,0.96566,0.012071
0,0.0054751,0.11865,0.0063785,0.0054751,0.0219,0.0219,0.013688,0.0054751,0.0054751,0.0054751,0,0.01095,0.98552,0.11498
0,0.0088403,0.21729,0.01105,0.017681,0.070722,0.035361,0.0022101,0,0,0,0,0.017681,0.97243,0.0088403
0,0.008229,0.13438,0.033615,0.016458,0.024687,0.065832,0.003415,0,0,0,0.008229,0.016458,0.98748,0.008229
0,0.011825,0.31633,0.023651,0.023651,0.023651,0.047301,0.008869,0,0,0,0.011825,0.023651,0.94603,0.011825
1,0.0042522,0.20483,0.014883,0.0085045,0.025513,0.017009,0.014883,0.0042522,0,0,0,0.0042522,0.97802,0.0042522
0,0.0061008,0.14337,0.016777,0.012202,0.0061008,0.0061008,0.027454,0,0,0,0,0.012202,0.97614,0.15862
1,0,0.031086,0.0015467,0.00075818,0.00834,0.0060655,9.4773e-05,0.00075818,0.00075818,0.017438,0.00075818,0.0015164,0.34497,0.93787
1,0.0013889,0.048849,0.034897,0.0027779,0.019445,0.011111,0.002257,0.0013889,0.0013889,0.0013889,0.0013889,0.0027779,0.7153,0.69585
0,0.011786,0.27991,0.14143,0.023571,0.094285,0.047142,0.024573,0,0,0,0,0.011786,0.94285,0.011786
0,0.022104,0.41268,0.11052,0.044208,0.24314,0.088416,0.008289,0.022104,0.022104,0.044208,0,0.044208,0,0.86206
0,0.0039375,0.11942,0.0019687,0.007875,0.007875,0.0315,0.00033469,0,0,0,0.0039375,0.0039375,0.99225,0.0039375
0,0,0.13916,0.0052844,0.014092,0.056367,0.028184,0.0056015,0.0070459,0.0070459,0.035229,0.0070459,0.014092,0.98642,0.042275
0,0.0095862,0.25087,0.0080045,0.019172,0.12462,0.038345,0.011168,0,0,0,0,0.019172,0.95862,0.0095862
0,0.0043855,0.12608,0.0065782,0.0043855,0.035084,0.017542,0.0065782,0.0043855,0,0,0.0043855,0.008771,0,0.99112
1,0.0023912,0.068555,0.022322,0.0047823,0.026303,0.019129,0.013546,0.0023912,0.0023912,0.014347,0,0.0047823,0.91104,0.40411
1,0.0035527,0.09237,0.0035527,0.0071054,0.03908,0.014211,0.0062172,0.0035527,0,0,0.0035527,0.0071054,0.99475,0.0035527
0,0.0034186,0.080338,0.01082,0.0034186,0.013675,0.013675,0.0014187,0,0.0034186,0.0034186,0.0034186,0.0068373,0.95722,0.27691
0,0.00089268,0.023504,0.011605,0.0017854,0.0089268,0.0017854,0,0,0,0,0.00089268,0.0017854,0.12498,0.99177
1,0.0034403,0.18691,0.023222,0.0068806,0.027522,0.027522,0.0090308,0.0034403,0.0034403,0.037843,0.0034403,0.0068806,0,0.98049
0,0.0010769,0.033999,0.00040385,0.0021539,0.0021539,0.0043078,0.00094233,0.0010769,0,0,0.0010769,0.0010769,0.9994,0.0010769
0,0,0.023412,0.01159,0.0018544,0.0018544,0.0037088,0.0009272,0,0,0,0.0009272,0.0018544,0.1669,0.98562
1,0.0026194,0.086884,0.0082902,0.0026194,0.036671,0.010477,0.0082902,0.0026194,0.0026194,0.0078581,0.0026194,0.0052387,0.99535,0.0026194
0,0.0031289,0.12359,0.0050845,0.0062579,0.025031,0.012516,0.0046934,0,0,0,0,0.0062579,0,0.99187
0,0,0.20084,0,0.011366,0.056832,0.011366,0,0,0,0,0,0.022733,0.97751,0.011366
1,0.0096843,0.23165,0.0064401,0.019369,0.077474,0.038737,0.0015979,0,0,0,0,0.019369,0.96843,0.0096843
1,0.00469,0.12508,0.01271,0.00469,0.06097,0.01876,0.024623,0.00469,0.00469,0.00469,0,0.00938,0.98959,0.00469
0,0,0.15426,0.0028452,0.013712,0.020568,0.027424,0.0022968,0,0,0,0.006856,0.006856,0.98726,0.006856
1,0.00097886,0.039076,0.00052858,0.00097886,0.0058731,0.0039154,0.00048943,0.00097886,0.00097886,0.0029366,0,0.0019577,0.19577,0.97984
1,0,0.11755,0.039057,0.0090149,0.027045,0.01803,0.0063781,0.0045075,0,0,0,0.0090149,0.72119,0.68063
0,0.0068735,0.13747,0,0.013747,0.013747,0.027494,0.0034368,0,0,0,0,0.013747,0.98978,0.0068735
0,0.0024256,0.076576,0.0097024,0.0024256,0.0072768,0.0097024,0.00020618,0,0,0,0.0024256,0.0048512,0.99692,0.0024256
0,0.0008145,0.021788,0.0036653,0.0008145,0.006516,0.0040725,0.0020363,0,0,0,0,0.001629,0.1629,0.98636
0,0,0.29712,0.014904,0.023846,0.011923,0.011923,0,0.011923,0,0,0,0.023846,0.95383,0.011923
0,0,0.082009,0.0038144,0.0050858,0.020343,0.010172,0.00063573,0,0,0,0.0025429,0.0050858,0.94597,0.31278
0,0.01211,0.21398,0.054009,0.024219,0.096878,0.048439,0.0030274,0,0,0,0,0.01211,0.96878,0.01211
1,0,0.16307,0.023759,0.0086397,0.047518,0.017279,0.00053998,0.0043199,0,0,0.0043199,0.0086397,0.98493,0.0043199
1,0.038835,0.88039,0.098641,0.038835,0.31068,0.31068,0.10039,0.038835,0,0,0,0.07767,0,0.038835
0,0,0.32521,0.18529,0.036295,0.018148,0.018148,0,0,0,0,0,0.036295,0,0.92553
1,0.0080719,0.19712,0.099567,0.016144,0.088791,0.064575,0.012794,0.0080719,0,0,0.0080719,0.016144,0.96862,0.0080719
1,0,0.052357,0.0010166,0.0040666,0.016266,0.016266,0.0017791,0.0020333,0,0,0.0020333,0.0040666,0.99834,0.0020333
0,0.028243,0.73911,0.35303,0.028243,0.11297,0.22594,0.035303,0,0,0,0.028243,0.056485,0,0.50837
0,0,0.022191,0.0060135,0.0019509,0.0058526,0.0039017,0.00016095,0,0,0,0,0.0019509,0.21459,0.9764
0,0.0031158,0.071664,0.0023369,0.0062317,0.021811,0.012463,0.0015579,0.0031158,0,0,0.0031158,0.0031158,0.99706,0.0031158
0,0.0061605,0.15814,0.0017865,0.0061605,0.049284,0.024642,0.0092407,0,0,0,0.0061605,0.012321,0.98568,0.0061605
1,0.00036235,0.017603,7.4282e-05,0.00036235,0.0014494,0.0014494,9.0588e-05,0.00036235,0.00036235,0.0039859,0,0.0007247,0.13769,0.99031
0,0.043177,0.91405,0,0.086353,0.34541,0.17271,0.021588,0,0,0,0.043177,0.043177,0,0.043177
0,0.011167,0.39364,0.18426,0.011167,0.089338,0.044669,0.044669,0.011167,0,0,0,0.022334,0.89338,0.011167
1,0,0.016944,0.0085645,0.0014785,0.0096105,0.0029571,2.9571e-05,0.00073927,0,0,0,0.0014785,0.059142,0.99802
0,0,0.36913,0.01023,0.015326,0.022989,0.053641,0.0025671,0,0,0,0,0.015326,0,0.92723
1,0.0025521,0.10974,0.00074011,0.0025521,0.033177,0.020417,0.0044662,0.0025521,0.0025521,0.020417,0,0.0051042,0.25521,0.95959
1,0.026996,0.85226,0.28346,0.053992,0.37794,0.10798,0.17547,0.026996,0,0,0,0.053992,0,0.026996
0,0.019836,0.41002,0.0082321,0.039673,0.15869,0.079345,0.0024795,0,0,0,0,0.039673,0,0.89263
1,0,0.1837,0.093067,0.019511,0.058533,0.039022,0.00082922,0.0097555,0,0,0,0.019511,0.97555,0.0097555
1,0,0.21823,0.1154,0.015918,0.11143,0.063672,0.024553,0.0079589,0.0079589,0.0079589,0,0.015918,0.95507,0.095507
1,0.0017806,0.073004,7.1224e-05,0.0035612,0.017806,0.0071224,7.1224e-05,0,0.0017806,0.0017806,0,0.0017806,0.99713,0.0017806
