2,-1,-1,-0.94118,1,-0.89011,1,1,0.33333,1,-1,0.71429,1,-0.33333,-1,1,-1,-1,-1,1,-1,-1,1,-1,-1
2,1,-0.33333,0.29412,0,-0.36264,-1,0,-0.33333,-0.33333,-1,-0.89286,1,-1,-1,-1,-1,-1,-1,1,-1,-1,1,-1,-1
1,-1,1,-0.76471,1,-0.79121,-1,0.5,0.33333,0.33333,-1,0.071429,1,-1,1,-1,-1,-1,-1,1,-1,-1,1,-1,1
2,-1,-1,0.11765,0,-0.15385,-1,0.5,0.33333,1,-0.33333,-0.071429,1,-1,1,-1,-1,-1,-1,-1,-1,-1,-1,-1,-1
2,1,-1,-0.41176,0.5,-0.48352,-1,0,0.33333,1,1,0.21429,1,-0.33333,1,-1,-1,1,-1,1,-1,-1,-1,-1,-1
1,-1,1,-0.058824,0,-0.021978,1,0,0.33333,1,1,-0.42857,1,-1,1,1,-1,-1,-1,1,-1,-1,-1,-1,1
2,-1,1,-0.41176,0,-0.71429,0,1,0.33333,1,-0.33333,0.21429,1,-1,-1,-1,-1,-1,-1,1,-1,-1,1,-1,-1
1,-1,-0.33333,-0.058824,0,-0.26374,-1,0,0.33333,-0.33333,0.33333,-0.42857,1,-1,-1,1,-1,-1,1,1,-1,1,-1,-1,-1
1,-1,1,-0.76471,0,-0.68132,0.5,0.5,-1,1,-1,0.5,1,-1,-1,-1,-1,-1,-1,1,-1,-1,1,-1,1
1,1,-0.33333,-0.23529,1,-0.45055,-1,-1,1,-0.33333,0.33333,-0.67857,1,-0.33333,-1,-1,-1,1,-1,1,-1,-1,1,-1,-1
2,1,-0.33333,-0.76471,0,-0.87912,-1,-0.5,-0.33333,-1,0.33333,-0.78571,1,-1,-1,-1,-1,1,-1,1,-1,1,-1,-1,-1
2,1,-1,0.29412,0,-0.54945,-1,-0.5,-0.33333,1,-0.33333,-0.82143,1,-1,-1,-1,-1,-1,-1,1,-1,1,-1,-1,-1
2,-1,-0.33333,-0.76471,0,-0.84615,-1,0,-0.33333,-1,0.33333,-0.89286,1,-1,-1,1,-1,-1,-1,1,-1,-1,1,-1,-1
1,1,-1,-0.41176,1,-0.89011,-1,1,0.33333,1,0.33333,0.46429,1,-0.33333,-1,-1,-1,1,-1,1,-1,-1,1,-1,1
2,-1,-1,-0.67647,0,-0.86813,-1,0,-0.33333,1,0.33333,-0.67857,1,-1,-1,-1,-1,1,-1,1,-1,1,-1,-1,-1
1,1,-1,-0.41176,0,-0.87912,-0.5,0,-0.33333,-0.33333,0.33333,-0.53571,1,-1,-1,-1,-1,-1,-1,1,-1,-1,1,-1,1
2,-1,1,-0.41176,1,-0.75824,1,1,0.33333,1,-0.33333,0.21429,1,-0.33333,-1,-1,-1,-1,-1,1,-1,-1,1,-1,-1
2,-1,-1,-0.23529,-1,-0.13187,1,-0.5,0.33333,0.33333,0.33333,-0.78571,-1,0.33333,-1,-1,-1,-1,-1,1,-1,-1,1,-1,-1
1,1,-0.33333,-0.41176,0,0.36264,-1,1,-0.33333,-0.33333,1,-0.10714,1,-1,-1,1,-1,-1,1,1,-1,-1,-1,-1,-1
2,-1,1,-0.41176,0,-0.64835,0,1,0.33333,-0.33333,0.33333,-0.57143,1,-1,1,1,-1,-1,-1,1,-1,-1,1,-1,-1
2,-1,1,-0.85294,1,-0.79121,-1,0,0.33333,1,0.33333,0.035714,1,0.33333,-1,1,-1,1,-1,1,-1,-1,1,-1,-1
2,-1,-1,-0.94118,0,-0.73626,0,0,0.33333,0.33333,-1,-0.10714,1,-1,1,-1,-1,-1,-1,1,-1,1,-1,-1,-1
1,-1,-1,-0.82353,1,-0.78022,-1,-0.5,0.33333,0.33333,-1,0.035714,1,-0.33333,1,-1,1,1,-1,1,-1,1,-1,-1,1
2,-1,-0.33333,-0.76471,1,-0.82418,-0.5,-0.5,0.33333,1,-0.33333,-0.10714,1,-1,-1,-1,-1,-1,1,1,-1,-1,1,-1,-1
2,-1,1,-0.82353,1,-0.79121,1,0,1,-1,0.33333,-0.75,1,-0.33333,-1,-1,1,-1,-1,1,-1,-1,1,-1,-1
1,-1,-1,-0.94118,0,-0.86813,-1,0,0.33333,-0.33333,-1,-0.39286,-1,-1,-1,1,-1,-1,-1,1,-1,-1,1,-1,1
1,-1,1,-0.94118,-1,-0.97802,-1,1,1,1,0.33333,-0.28571,1,-1,-1,-1,-1,-1,-1,1,-1,-1,1,-1,1
2,-1,0.33333,-0.76471,-0.5,-0.97802,0.5,0,-0.33333,0.33333,-1,-0.17857,1,-0.33333,-1,-1,-1,-1,-1,1,-1,1,-1,-1,-1
2,-1,-0.33333,-0.91176,0,-0.75824,-1,0,0.33333,-0.33333,-1,-0.46429,1,-1,-1,-1,-1,-1,-1,-1,-1,-1,1,-1,-1
2,1,-1,0.64706,0.5,-0.27473,-1,1,0.33333,1,1,0.57143,1,-0.33333,-1,1,-1,-1,-1,1,-1,-1,1,-1,-1
2,-1,-0.33333,-0.58824,0,-0.81319,0.5,-0.5,1,0.33333,-1,-0.39286,-1,-1,-1,1,-1,-1,-1,1,-1,-1,1,-1,-1
2,-1,-1,-0.41176,0,-0.58242,-1,0,0.33333,-0.33333,0.33333,-0.71429,0,-1,-1,-1,-1,-1,-1,1,-1,-1,1,-1,-1
2,-1,-0.33333,-0.58824,0,-0.37363,-0.5,0,0.33333,-0.33333,0.33333,-0.60714,1,-0.33333,-1,1,-1,1,-1,1,-1,-1,1,-1,-1
1,-1,1,-0.76471,1,-0.87912,1,1,0.33333,1,1,0.35714,1,-1,-1,-1,-1,-1,-1,1,-1,1,-1,-1,1
1,-1,0.33333,-0.76471,0,-0.85714,-1,-0.5,-0.33333,-1,-0.33333,-0.5,-1,-1,-1,1,-1,-1,-1,1,-1,-1,1,-1,-1
1,1,-0.33333,0.20588,1,-0.50549,-1,-0.5,0.33333,-0.33333,-0.33333,-0.78571,1,-0.33333,-1,-1,-1,-1,-1,1,-1,-1,1,-1,1
2,-1,1,0.29412,1,-0.35165,-1,0,0.33333,0.33333,1,-0.57143,-1,-1,-1,1,-1,-1,-1,1,-1,-1,-1,-1,-1
2,1,0.33333,-0.58824,0,-0.79121,-1,0,0.33333,-0.33333,-1,-0.35714,0,-1,-1,-1,-1,-1,-1,-1,1,-1,1,-1,-1
2,-1,0.33333,-0.82353,0,-0.89011,-1,0,0.33333,-0.33333,0.33333,-0.35714,1,-1,-1,1,-1,-1,-1,1,-1,-1,1,-1,-1
2,-1,-0.33333,-0.85294,0,-0.96703,-1,0,0.33333,0.33333,-1,-0.82143,1,-1,-1,-1,-1,-1,-1,1,-1,-1,1,-1,-1
1,-1,1,-0.23529,0,-0.76923,0,1,0.33333,-0.33333,0.33333,-0.60714,-1,-1,-1,-1,-1,-1,-1,1,-1,-1,1,-1,-1
2,-1,-0.33333,-0.76471,0,-0.89011,0,0,-1,-1,0.33333,-0.75,1,-1,-1,1,-1,-1,-1,1,-1,-1,1,-1,-1
1,-1,-0.33333,-0.58824,0.5,-0.34066,-1,0,0.33333,1,-1,-0.10714,1,-1,1,1,-1,-1,-1,1,-1,-1,1,-1,1
2,-1,-1,-0.23529,1,-0.34066,-0.5,0.5,1,1,0.33333,-0.82143,1,-0.33333,-1,-1,-1,-1,1,1,-1,1,-1,-1,-1
1,1,-1,0.29412,1,-0.35165,-1,1,-0.33333,1,1,0.39286,0,-0.33333,-1,-1,-1,-1,1,1,-1,-1,-1,-1,1
1,-1,1,-0.79412,1,-0.86813,-1,-0.5,-0.33333,1,0.33333,-0.42857,1,-0.33333,-1,-1,-1,1,-1,1,-1,-1,1,-1,-1
2,-1,1,-0.058824,0,-0.76923,0,1,0.33333,1,0.33333,-0.28571,1,-1,-1,-1,-1,-1,-1,1,-1,-1,1,-1,-1
1,-1,-1,-0.94118,0,-0.86813,0,-1,-0.33333,-0.33333,-0.33333,-0.85714,1,-1,-1,1,-1,-1,1,1,-1,1,-1,1,-1
1,-1,1,-0.79412,1,-0.23077,-1,0,0.33333,1,-0.33333,-0.28571,1,-0.33333,-1,-1,-1,1,-1,1,-1,-1,1,-1,1
2,-1,1,-0.76471,0,-0.79121,-0.5,0,-0.33333,-0.33333,-1,-0.67857,1,-1,-1,-1,-1,-1,-1,-1,1,-1,1,-1,-1
1,-1,-0.33333,-0.41176,0.5,-0.76923,1,-0.5,0.33333,-0.33333,-0.33333,-0.64286,-1,-1,-1,-1,-1,-1,-1,1,-1,-1,1,-1,1
1,-1,-0.33333,-0.32353,0.5,-0.36264,-1,1,0.33333,-0.33333,0.33333,-0.60714,1,-0.33333,-1,1,-1,-1,1,1,-1,-1,1,-1,-1
2,-1,1,-0.76471,0,-0.87912,-1,0,0.33333,-0.33333,0.33333,-0.78571,1,-1,-1,-1,-1,-1,-1,1,-1,-1,1,-1,-1
2,-1,1,-0.58824,0,-0.64835,1,0,0.33333,-1,-0.33333,-0.57143,1,-1,-1,1,-1,-1,1,1,-1,-1,1,-1,-1
2,1,-0.33333,-0.058824,0.5,-0.78022,-1,1,0.33333,1,1,0.35714,-1,-0.33333,-1,1,-1,1,-1,1,-1,-1,-1,-1,-1
1,-1,1,-0.94118,-0.5,-0.93407,1,0,0.33333,-0.33333,-1,-0.75,0,-1,1,-1,-1,1,-1,-1,-1,-1,1,-1,1
1,1,-0.33333,-0.76471,0,-0.30769,1,-1,0.33333,-1,1,0.17857,1,-1,-1,1,-1,-1,-1,1,-1,-1,1,-1,-1
2,-1,1,-0.058824,1,0.032967,-1,0,-0.33333,-0.33333,0.33333,-0.57143,0,-0.33333,-1,-1,-1,-1,-1,1,-1,-1,1,-1,-1
1,-1,0.33333,-0.58824,0,-0.8022,-1,1,-0.33333,-0.33333,0.33333,-0.85714,1,-1,-1,-1,-1,1,-1,1,-1,-1,1,-1,-1
1,1,-1,-0.058824,1,-0.34066,-1,-0.5,-0.33333,1,1,-0.85714,1,-0.33333,-1,1,-1,-1,-1,-1,1,1,-1,-1,1
2,-1,-0.33333,-0.85294,0,-0.86813,-1,0,1,-1,-1,-0.71429,-1,-1,-1,1,-1,-1,-1,1,-1,-1,1,-1,-1
2,-1,-0.33333,-0.67647,1,-0.85714,1,1,0.33333,1,-1,0.10714,1,-0.33333,-1,1,-1,-1,-1,-1,-1,-1,1,-1,-1
1,1,-0.33333,-0.058824,-1,-0.8022,-1,1,0.33333,1,1,0.5,1,-1,-1,1,-1,-1,-1,1,-1,-1,-1,-1,-1
2,1,-0.33333,0.29412,-1,0.56044,-1,0,0.33333,-0.33333,0.33333,-0.78571,1,-1,-1,1,-1,-1,-1,1,-1,-1,1,-1,-1
2,-1,1,-0.41176,0,-0.67033,-1,-0.5,-0.33333,1,-0.33333,-0.75,1,-1,-1,1,-1,-1,-1,1,-1,-1,1,-1,-1
2,-1,1,-0.32353,0,-0.45055,1,1,0.33333,1,-0.33333,0.035714,1,1,1,1,-1,-1,-1,1,-1,-1,1,-1,-1
2,-1,1,-0.76471,0,-0.78022,-1,-0.5,-0.33333,-0.33333,0.33333,-0.64286,-1,-1,-1,-1,-1,-1,-1,1,-1,-1,1,-1,-1
2,-1,-0.33333,-0.76471,0,-0.91209,0.5,0,1,-1,-1,-0.89286,1,-1,-1,-1,-1,1,-1,1,-1,-1,1,-1,-1
2,1,1,-0.058824,0,-0.82418,-1,0,0.33333,1,1,-0.35714,0,-1,-1,1,-1,-1,-1,1,-1,-1,-1,-1,-1
2,-1,1,-0.058824,0,-0.75824,1,0,-0.33333,1,0.33333,-0.78571,1,-1,-1,-1,-1,-1,-1,1,-1,-1,1,-1,-1
2,-1,1,-0.058824,0,-0.13187,-1,0,-0.33333,-0.33333,-0.33333,-0.60714,-1,-1,-1,-1,-1,-1,1,1,-1,-1,1,-1,-1
1,-1,1,-0.91176,1,-0.94505,1,1,0.33333,-0.33333,-0.33333,-0.035714,1,-0.33333,-1,1,-1,-1,-1,1,-1,1,-1,-1,1
1,-1,-1,-0.88235,1,-0.89011,-1,1,0.33333,1,1,0.14286,-1,-0.33333,1,1,-1,-1,-1,1,-1,-1,-1,-1,-1
1,-1,-0.33333,0.11765,1,-0.36264,-1,0.5,-0.33333,-1,-1,-0.21429,-1,-0.33333,-1,-1,-1,-1,-1,1,-1,-1,1,-1,1
1,1,-1,-0.058824,0,-0.8022,1,1,0.33333,1,1,-0.25,1,-1,-1,1,-1,-1,-1,1,-1,-1,1,-1,-1
1,-1,-1,-0.76471,1,-0.85714,-1,1,0.33333,1,1,0.67857,1,-0.33333,-1,-1,-1,-1,1,1,-1,-1,-1,-1,-1
2,1,-1,0.11765,0,-0.58242,-1,-0.5,0.33333,0.33333,0.33333,-0.46429,1,-1,-1,-1,-1,-1,-1,1,-1,-1,1,-1,-1
2,-1,-0.33333,-0.79412,0.5,-0.49451,-1,0.5,0.33333,1,-0.33333,0.14286,1,-1,-1,-1,-1,-1,-1,1,-1,-1,1,-1,-1
1,-1,1,0.47059,-1,0.010989,1,0,0.33333,-0.33333,-0.33333,-0.28571,1,-1,1,-1,-1,-1,1,1,-1,-1,1,-1,1
2,-1,-0.33333,-0.23529,0,-0.6044,-1,-0.5,1,-1,-0.33333,-0.89286,1,-1,-1,-1,-1,-1,-1,1,-1,-1,1,-1,-1
2,1,1,-0.41176,0,-0.37363,1,-0.5,-0.33333,-1,0.33333,-0.10714,1,-0.33333,-1,1,-1,-1,-1,1,-1,-1,1,-1,-1
2,-1,1,-0.67647,0,-0.89011,0,1,0.33333,0.33333,-0.33333,0,0,-1,-1,1,-1,-1,-1,1,-1,-1,1,-1,-1
1,-1,1,-0.58824,0,-0.84615,-0.5,0,-0.33333,1,-0.33333,-0.82143,1,-1,-1,-1,-1,-1,-1,1,-1,1,-1,-1,1
1,-1,-1,-0.41176,0,-0.82418,-1,1,-0.33333,1,-1,0.39286,1,-1,-1,1,-1,-1,-1,-1,-1,-1,1,-1,1
1,-1,-1,-0.82353,0,-0.76923,-1,1,0.33333,1,-1,0.17857,1,-1,-1,-1,-1,-1,-1,1,-1,-1,1,-1,1
1,-1,1,-0.76471,1,-0.86813,-1,0,-0.33333,-0.33333,-1,-0.64286,1,-0.33333,-1,1,-1,-1,-1,-1,-1,-1,1,-1,-1
2,-1,-0.33333,-0.58824,1,-0.87912,-1,-0.5,-0.33333,-1,-0.33333,-0.71429,1,-0.33333,-1,-1,-1,-1,-1,1,-1,-1,1,-1,-1
2,1,-0.33333,-0.058824,0,0.36264,-0.5,0,0.33333,1,1,0,1,-1,1,1,-1,-1,-1,1,-1,-1,-1,-1,-1
1,-1,-1,-0.58824,0,-0.78022,-0.5,0.5,0.33333,0.33333,0.33333,-0.60714,1,-1,1,1,-1,1,-1,1,-1,-1,1,-1,-1
2,1,-1,-0.76471,-1,-0.9011,-1,0.5,0.33333,0.33333,-1,-0.67857,1,-0.33333,-1,-1,-1,-1,-1,1,-1,-1,1,-1,-1
2,-1,1,-0.76471,1,-0.95604,-1,1,0.33333,1,-1,0.32143,1,-1,-1,-1,-1,-1,-1,1,-1,-1,1,-1,-1
2,-1,-1,-0.76471,1,-0.86813,-1,1,0.33333,0.33333,-1,0.25,1,-1,-1,-1,-1,-1,1,1,-1,-1,1,-1,-1
1,1,1,-0.76471,1,-0.93407,1,1,-0.33333,0.33333,-0.33333,-0.5,-1,-1,1,-1,-1,-1,-1,1,-1,-1,1,-1,1
2,-1,0.33333,-0.41176,1,-0.62637,1,1,0.33333,1,1,-0.96429,1,-0.33333,-1,-1,-1,-1,-1,-1,1,1,-1,-1,-1
2,-1,-0.33333,-0.76471,0,-0.87912,0.5,1,0.33333,1,-1,0.25,1,-1,-1,1,-1,1,-1,1,-1,-1,1,-1,-1
2,1,-0.33333,0.47059,-1,0.72527,-1,-0.5,0.33333,1,1,0.39286,1,-1,-1,1,-1,-1,-1,1,-1,1,-1,-1,-1
2,-1,1,-0.76471,1,-0.8022,1,0.5,-0.33333,-0.33333,0.33333,0.5,1,-1,-1,-1,-1,-1,-1,1,-1,-1,1,-1,-1
2,-1,-0.33333,-0.58824,0,-0.73626,-0.5,0,0.33333,1,0.33333,-0.46429,1,-1,-1,-1,-1,-1,-1,1,-1,-1,1,-1,-1
2,-1,-0.33333,-0.058824,1,-0.76923,-1,1,0.33333,1,-1,-0.39286,1,-1,-1,-1,-1,-1,-1,1,-1,-1,1,-1,-1
1,-1,-0.33333,-0.52941,0.5,-0.24176,1,0.5,0.33333,1,-0.33333,-0.39286,-1,-0.33333,1,1,-1,-1,1,1,-1,1,-1,-1,-1
1,-1,1,-0.41176,0,-0.85714,-0.5,1,1,1,-1,-0.21429,1,-1,-1,-1,-1,1,-1,1,-1,1,-1,-1,1
2,-1,-0.33333,-0.058824,0,-0.76923,-1,0.5,0.33333,1,0.33333,-0.82143,1,-1,-1,-1,-1,-1,-1,1,-1,1,-1,-1,-1
2,-1,1,-0.94118,0.5,-0.92308,-1,0,-0.33333,-0.33333,-1,-0.82143,1,-1,-1,-1,-1,-1,-1,1,-1,-1,1,-1,-1
2,-1,-0.33333,-0.85294,1,-0.81319,-1,0.5,0.33333,0.33333,0.33333,-0.42857,1,-1,-1,1,-1,-1,-1,1,-1,1,-1,-1,-1
2,-1,1,-0.76471,0,-0.75824,1,-0.5,1,1,0.33333,-0.75,1,-1,-1,1,-1,-1,1,1,-1,1,-1,-1,-1
1,1,-0.33333,-0.41176,1,0.28571,-1,0,0.33333,0.33333,0.33333,-0.28571,1,-0.33333,1,1,-1,-1,-1,-1,1,-1,1,-1,-1
1,1,1,-0.58824,-0.5,-0.30769,-1,1,0.33333,1,1,-0.28571,-1,-0.33333,1,1,-1,1,-1,1,-1,-1,1,-1,-1
2,-1,-0.33333,-0.76471,0,-0.35165,-1,0.5,0.33333,-0.33333,0.33333,-0.53571,1,-1,-1,-1,-1,1,-1,1,-1,-1,1,-1,-1
2,-1,-1,-0.41176,0,-0.17582,1,-0.5,-0.33333,-0.33333,-0.33333,-0.60714,1,-1,-1,1,1,-1,-1,1,-1,-1,1,-1,-1
2,-1,-0.33333,-0.70588,0,-0.86813,0,1,1,-0.33333,-1,-0.42857,1,-1,-1,1,-1,-1,-1,1,-1,-1,1,-1,-1
2,-1,-0.33333,-0.94118,0.5,-0.86813,-0.5,1,-1,-0.33333,0.33333,-0.57143,-1,-0.33333,1,-1,-1,-1,-1,1,-1,-1,1,-1,-1
2,-1,0.33333,-0.67647,0,-0.97802,-1,-0.5,-0.33333,1,-0.33333,-0.85714,1,-1,-1,1,-1,-1,-1,1,-1,1,-1,-1,-1
1,-1,-0.33333,-0.58824,0,-0.32967,-1,0.5,0.33333,0.33333,-1,-0.67857,1,-1,-1,-1,-1,1,-1,1,-1,1,-1,-1,1
2,1,1,-0.058824,1,-0.15385,-1,0,-0.33333,-0.33333,-1,-0.78571,0,-0.33333,-1,1,-1,1,-1,1,-1,-1,1,-1,-1
2,-1,-1,-0.76471,0,-0.83516,0,1,1,-1,-1,-0.42857,1,-1,-1,-1,-1,-1,-1,1,-1,-1,1,-1,-1
2,-1,1,0.29412,1,-0.62637,1,1,0.33333,-1,-1,0,1,-1,-1,1,-1,-1,-1,1,-1,-1,1,-1,-1
1,1,-1,0.11765,0,-0.23077,1,0.5,-0.33333,0.33333,0.33333,-0.60714,1,-1,-1,1,-1,-1,-1,1,-1,-1,1,-1,-1
2,-1,-1,-0.82353,1,-0.79121,1,-0.5,-0.33333,0.33333,-1,-0.71429,1,-0.33333,-1,-1,1,-1,-1,-1,1,1,-1,-1,-1
2,1,-1,-0.14706,1,-0.54945,0,0,-0.33333,1,0.33333,-0.85714,1,-0.33333,-1,-1,-1,-1,-1,1,-1,-1,1,-1,-1
1,-1,-0.33333,-0.76471,1,-0.75824,0,0.5,-1,0.33333,0.33333,-0.39286,1,-1,-1,1,-1,1,-1,1,-1,-1,1,-1,-1
2,1,-1,-0.5,0,-0.82418,-1,0,-0.33333,-0.33333,-1,-0.78571,1,-0.33333,-1,1,-1,-1,-1,1,-1,-1,1,-1,-1
1,-1,1,-0.41176,1,-0.59341,-1,1,-0.33333,-0.33333,0.33333,-0.21429,1,-0.33333,-1,1,-1,-1,1,1,-1,1,-1,-1,-1
1,-1,1,-0.76471,0,-0.82418,-1,0,0.33333,-0.33333,-1,-0.82143,1,-1,-1,-1,-1,-1,-1,1,-1,1,-1,-1,1
2,-1,0.33333,-0.82353,1,-0.93407,-1,1,0.33333,1,1,0.57143,1,-0.33333,-1,1,-1,1,-1,1,-1,-1,-1,-1,-1
2,1,-0.33333,-0.58824,0,-0.81319,1,-0.5,-0.33333,0.33333,-1,-0.71429,1,-1,-1,-1,-1,-1,-1,1,-1,1,-1,-1,-1
2,-1,-1,-0.76471,1,-0.79121,-1,0,0.33333,-0.33333,-0.33333,-0.60714,1,-0.33333,-1,-1,-1,1,-1,1,-1,-1,1,-1,-1
1,-1,-1,-0.76471,0,-0.94505,-1,0,1,-0.33333,-1,-0.25,1,-1,-1,-1,-1,-1,-1,1,-1,-1,1,-1,1
2,1,-0.33333,-0.76471,0,-0.95604,-1,0,0.33333,-0.33333,0.33333,-0.60714,1,-1,-1,-1,-1,-1,-1,1,-1,-1,1,-1,-1
1,-1,-0.33333,-0.76471,1,-0.81319,-1,-1,0.33333,-0.33333,0.33333,-0.46429,1,-0.33333,-1,1,-1,-1,1,1,-1,-1,1,-1,-1
2,1,-1,-0.76471,1,-0.63736,-1,0,-0.33333,-0.33333,-1,-0.64286,1,-0.33333,-1,-1,-1,1,-1,-1,1,-1,1,-1,-1
2,-1,-0.33333,0.29412,0,-0.087912,1,0.5,-0.33333,-0.33333,0.33333,-0.82143,1,-1,-1,-1,-1,1,-1,1,-1,-1,1,-1,-1
2,1,-1,-0.058824,0.5,-0.26374,-1,0,0.33333,0.33333,-0.33333,-0.64286,0,-1,-1,1,-1,-1,-1,1,-1,-1,1,-1,-1
1,-1,1,-0.67647,0,-0.72527,-1,-0.5,0.33333,0.33333,-0.33333,-0.71429,-1,-0.33333,-1,-1,-1,-1,-1,1,-1,-1,1,-1,1
2,-1,1,-0.58824,0,-0.8022,-1,0,0.33333,1,1,0,-1,-0.33333,-1,-1,-1,-1,-1,1,-1,-1,-1,-1,-1
2,-1,1,0.64706,0,0.087912,-0.5,0.5,-0.33333,1,-1,-0.92857,1,-1,-1,1,-1,-1,-1,1,-1,-1,1,-1,-1
2,-1,1,-0.76471,1,-0.89011,1,1,-0.33333,-0.33333,-1,-0.32143,1,-0.33333,-1,1,-1,-1,-1,1,-1,-1,1,-1,-1
2,-1,1,-0.32353,0.5,-0.076923,0.5,0,0.33333,-0.33333,0.33333,-0.71429,1,-0.33333,-1,-1,-1,-1,1,1,-1,-1,1,-1,-1
1,1,-0.33333,-0.76471,0,-0.93407,0,0,0.33333,0.33333,-1,0.67857,1,-1,-1,-1,-1,-1,-1,1,-1,-1,1,-1,1
2,-1,-0.33333,-0.67647,1,-0.72527,1,0.5,0.33333,-0.33333,-1,-0.42857,-1,0.33333,-1,1,-1,-1,-1,-1,-1,-1,1,-1,-1
1,-1,0.33333,-0.76471,0,-0.81319,-1,0,-0.33333,-0.33333,0.33333,-0.10714,1,-1,-1,1,-1,-1,-1,1,-1,1,-1,-1,1
1,-1,0.33333,-0.94118,0,-0.94505,0.5,-0.5,1,-0.33333,-1,-0.71429,1,-1,-1,-1,1,1,-1,1,-1,-1,1,1,-1
1,-1,-0.33333,-0.058824,0,-0.49451,-1,-0.5,-0.33333,-1,1,-0.60714,1,-1,-1,1,-1,-1,-1,1,-1,-1,1,-1,-1
1,-1,-1,-0.32353,0,-0.64835,-1,0,0.33333,-0.33333,0.33333,-0.71429,1,-1,-1,-1,-1,-1,-1,1,-1,-1,1,-1,-1
2,1,-1,-0.58824,0,-0.74725,-1,0,0.33333,-0.33333,0.33333,-0.89286,1,-1,-1,-1,-1,-1,-1,1,-1,-1,1,-1,-1
2,-1,1,-0.5,1,-0.76923,-1,-0.5,-0.33333,1,-0.33333,-0.85714,1,-1,-1,1,-1,-1,-1,1,-1,-1,1,-1,-1
2,-1,-0.33333,0.29412,-0.5,-0.62637,-0.5,0.5,0.33333,-0.33333,0.33333,-0.60714,1,-1,-1,-1,-1,-1,-1,1,-1,-1,1,-1,-1
2,-1,-1,-0.94118,1,-0.92308,-1,1,-0.33333,1,1,-0.28571,1,-0.33333,-1,1,-1,1,-1,1,-1,-1,1,-1,-1
2,-1,1,-0.76471,1,-0.94505,-0.5,0.5,-0.33333,0.33333,0.33333,0.14286,1,-0.33333,-1,1,-1,1,-1,1,-1,-1,1,-1,-1
2,-1,-1,-0.058824,1,-0.42857,-1,0,0.33333,-0.33333,-0.33333,-0.67857,1,-0.33333,-1,-1,-1,-1,-1,-1,-1,-1,1,-1,-1
2,-1,1,-0.58824,1,-0.84615,0.5,1,0.33333,1,0.33333,-0.035714,1,-0.33333,-1,-1,-1,-1,-1,1,-1,-1,1,-1,-1
2,-1,1,-0.94118,0,-0.87912,-0.5,1,0.33333,1,1,-0.17857,-1,-1,1,1,-1,-1,-1,1,-1,-1,-1,-1,-1
2,-1,1,-0.82353,0,-0.81319,-1,0,0.33333,1,-0.33333,-0.32143,1,-1,-1,1,1,-1,-1,1,-1,-1,1,-1,-1
2,-1,0.33333,-0.058824,0,-0.38462,-1,0,0.33333,-1,0.33333,-0.82143,1,-1,-1,-1,-1,-1,-1,1,-1,-1,1,-1,-1
2,-1,-0.33333,-0.41176,1,-0.16484,0.5,1,-0.33333,1,1,-0.64286,1,-1,-1,-1,-1,-1,1,1,-1,1,-1,-1,-1
1,-1,-0.33333,-0.41176,0.5,-0.25275,-0.5,0.5,0.33333,1,0.33333,-0.39286,1,-1,-1,1,-1,-1,-1,1,-1,1,-1,-1,-1
2,1,-1,-0.76471,0,-0.87912,-1,0,-0.33333,1,0.33333,-0.96429,1,-1,-1,-1,-1,-1,-1,1,-1,1,-1,-1,-1
2,-1,-1,-0.85294,1,-0.87912,-0.5,1,0.33333,1,-1,0.035714,1,-0.33333,1,-1,1,-1,-1,-1,-1,-1,1,-1,-1
1,-1,-1,-0.76471,-0.5,-0.98901,-1,1,1,-1,0.33333,-0.071429,-1,-1,-1,-1,-1,-1,-1,1,-1,-1,1,-1,1
2,-1,-0.33333,-0.41176,0,-0.63736,-0.5,0.5,0.33333,0.33333,0.33333,-0.32143,-1,-0.33333,-1,1,-1,1,-1,1,-1,-1,1,-1,-1
1,-1,1,-0.94118,1,-0.81319,1,0,0.33333,-0.33333,-1,-0.46429,1,-0.33333,1,-1,-1,-1,-1,1,-1,-1,1,-1,1
2,-1,1,-0.41176,1,-0.7033,-0.5,1,0.33333,1,-1,-0.39286,1,-1,1,1,-1,-1,-1,1,-1,-1,1,-1,-1
2,-1,1,-0.58824,1,-0.9011,-1,-0.5,-0.33333,-1,-0.33333,-0.60714,1,-0.33333,-1,-1,-1,1,-1,1,-1,-1,1,-1,-1
2,-1,1,-0.67647,0,-0.87912,0,0.5,0.33333,0.33333,-0.33333,-0.39286,1,-0.33333,-1,1,-1,-1,-1,1,-1,-1,1,-1,-1
1,-1,-0.33333,-0.82353,0,-0.21978,-1,-1,0.33333,1,1,0.82143,-1,-1,-1,1,-1,1,-1,1,-1,-1,-1,-1,-1
2,-1,1,-0.058824,0,-0.92308,0,1,0.33333,1,-0.33333,-0.39286,1,-1,-1,-1,-1,1,-1,1,-1,-1,1,-1,-1
2,-1,1,-0.94118,0,-0.69231,0,0,0.33333,-0.33333,0.33333,-0.53571,1,-1,-1,1,-1,-1,-1,1,-1,-1,1,-1,-1
2,1,-1,-0.58824,0,-0.9011,-1,-1,-0.33333,-0.33333,0.33333,-0.5,1,-1,-1,-1,-1,-1,-1,1,-1,-1,1,-1,-1
2,-1,-0.33333,-0.79412,0,-0.84615,0.5,-0.5,-0.33333,-1,-1,-0.96429,1,-1,-1,-1,-1,-1,-1,1,-1,-1,1,-1,-1
2,-1,1,-0.41176,0,-0.58242,-1,0.5,-0.33333,1,-0.33333,-0.78571,1,-1,-1,1,-1,-1,-1,1,-1,1,-1,-1,-1
2,1,-0.33333,-0.41176,1,-0.81319,-1,1,-1,1,-1,-0.57143,1,-0.33333,-1,1,-1,-1,-1,1,-1,-1,1,-1,-1
2,1,-1,-0.67647,-1,-0.91209,-1,1,0.33333,0.33333,0.33333,-0.5,1,-0.33333,1,-1,-1,1,-1,1,-1,1,-1,-1,-1
2,-1,1,-0.76471,0,-0.93407,-1,0,-0.33333,-1,-1,-0.75,1,-1,-1,1,-1,-1,-1,1,-1,-1,1,-1,-1
1,1,-0.33333,-0.41176,0.5,-0.79121,-1,-1,-0.33333,-0.33333,-0.33333,-0.46429,1,-1,-1,1,-1,-1,-1,1,-1,-1,1,-1,-1
2,-1,-0.33333,-0.88235,0,-0.86813,-1,0,0.33333,-0.33333,-1,-0.5,1,-1,-1,-1,1,-1,-1,-1,-1,-1,1,-1,-1
2,1,-1,-0.5,0.5,-0.64835,-1,-0.5,0.33333,-1,-0.33333,-0.75,1,-0.33333,-1,-1,-1,-1,-1,1,-1,-1,1,-1,-1
1,1,1,-0.23529,-0.5,-0.1978,1,-1,-0.33333,-1,-1,0.21429,-1,-1,-1,1,-1,-1,1,1,-1,-1,1,-1,-1
2,-1,-1,-0.76471,0,-0.73626,-1,0,-1,-1,0.33333,-0.17857,1,-1,-1,-1,-1,-1,-1,1,-1,-1,1,-1,-1
2,-1,-1,-0.94118,1,-0.98901,0,1,0.33333,1,0.33333,0.17857,1,-0.33333,-1,-1,-1,-1,-1,1,-1,-1,1,-1,-1
1,-1,1,-0.76471,0,-0.8022,-1,0.5,0.33333,-0.33333,0.33333,-0.57143,1,-0.33333,1,1,-1,-1,-1,1,-1,1,-1,-1,-1
2,-1,-1,-0.5,1,-0.95604,-1,1,0.33333,1,-1,0.64286,1,-0.33333,-1,-1,-1,1,-1,1,-1,-1,1,-1,-1
2,1,1,-0.058824,0.5,0.032967,-1,-0.5,-1,-1,0.33333,-0.67857,1,-0.33333,-1,-1,-1,-1,-1,1,-1,-1,1,-1,-1
1,1,-0.33333,-0.058824,0.5,-0.52747,-1,0,-1,-0.33333,-1,-0.60714,0,-0.33333,-1,1,-1,-1,-1,1,-1,-1,1,-1,-1
1,1,-1,-0.5,-0.5,-0.84615,1,0,0.33333,-0.33333,-0.33333,-0.25,1,-0.33333,1,-1,-1,1,-1,1,-1,-1,1,-1,1
2,-1,1,-0.41176,1,-0.6044,0.5,0,0.33333,1,-1,0.10714,1,-1,-1,1,-1,-1,-1,1,-1,-1,1,-1,-1
2,1,-0.33333,-0.58824,1,-0.92308,-1,1,0.33333,1,0.33333,-0.39286,-1,-1,1,1,-1,1,-1,1,-1,-1,1,-1,-1
2,-1,1,-0.67647,1,-0.86813,-1,0,0.33333,-0.33333,-0.33333,-0.57143,1,-0.33333,-1,-1,-1,-1,-1,1,-1,-1,1,-1,-1
1,1,-0.33333,-0.85294,-0.5,-0.46154,-1,1,-0.33333,1,1,0.96429,-1,-1,1,1,-1,-1,1,1,-1,-1,-1,-1,-1
1,-1,-0.33333,-0.64706,1,-0.89011,-1,-1,0.33333,0.33333,0.33333,0.75,1,0.33333,-1,1,-1,1,-1,1,-1,-1,-1,1,-1
2,1,-1,-0.76471,0,-0.94505,-0.5,0.5,1,-1,-0.33333,-0.96429,1,-1,-1,-1,-1,-1,-1,1,-1,-1,1,-1,-1
2,-1,-0.33333,-0.58824,-1,-0.67033,-1,0,-0.33333,1,0.33333,-0.5,-1,-0.33333,-1,1,-1,-1,-1,1,-1,-1,1,-1,-1
1,1,1,-0.41176,0,-0.51648,0.5,0,0.33333,0.33333,-0.33333,0.25,1,0.33333,-1,1,-1,-1,-1,1,-1,-1,1,-1,-1
1,1,-0.33333,0.29412,-1,-0.6044,-0.5,0.5,0.33333,1,1,-0.46429,1,-1,1,-1,-1,-1,-1,1,-1,-1,-1,-1,1
2,1,-0.33333,-0.32353,0,-0.59341,-1,0,0.33333,-0.33333,0.33333,-0.39286,1,-1,1,1,-1,-1,-1,1,-1,-1,1,-1,-1
2,-1,1,-0.94118,0,-0.79121,-1,0.5,1,-0.33333,-1,-0.64286,1,-1,-1,-1,-1,-1,-1,1,-1,1,-1,-1,-1
2,1,-0.33333,0.20588,0,-0.69231,-0.5,0,0.33333,1,-0.33333,-0.92857,1,-1,-1,-1,-1,-1,-1,-1,-1,1,-1,-1,-1
1,1,-0.33333,-0.85294,1,-0.85714,-1,1,-0.33333,0.33333,0.33333,-0.46429,1,-0.33333,-1,1,-1,-1,-1,1,-1,-1,1,-1,-1
2,-1,1,-0.94118,1,-0.86813,-1,0,-0.33333,-1,0.33333,-0.67857,1,-0.33333,-1,1,-1,-1,-1,1,-1,-1,1,-1,-1
2,1,-0.33333,-0.76471,0,-0.91209,-0.5,-0.5,-0.33333,1,0.33333,-0.71429,-1,1,-1,-1,-1,-1,-1,1,-1,1,-1,-1,-1
2,-1,-0.33333,-0.41176,0,-0.71429,1,1,0.33333,1,1,-0.39286,-1,-1,-1,1,-1,-1,1,1,-1,-1,-1,-1,-1
1,1,-0.33333,-0.58824,0.5,-0.54945,-1,1,-1,0.33333,1,-0.25,1,-1,-1,1,-1,-1,-1,1,-1,-1,1,-1,-1
2,-1,1,-0.85294,1,-0.92308,0,1,0.33333,-0.33333,0.33333,0.17857,1,-0.33333,-1,1,-1,-1,-1,1,-1,-1,1,-1,-1
1,-1,-1,-0.76471,0,-0.89011,-1,0,1,0.33333,-1,-0.71429,1,-1,-1,-1,-1,1,-1,1,-1,-1,1,-1,1
2,-1,1,-0.32353,0.5,-0.46154,-1,0.5,0.33333,1,0.33333,-0.75,1,-0.33333,-1,-1,-1,-1,-1,1,-1,-1,1,-1,-1
2,1,-1,-0.76471,0,-0.92308,-1,0.5,1,1,-0.33333,-0.92857,1,-1,-1,-1,-1,-1,-1,1,-1,1,-1,-1,-1
1,-1,1,-0.76471,1,-0.85714,-1,1,0.33333,-1,-1,-0.32143,1,-0.33333,1,-1,-1,1,-1,1,-1,-1,1,-1,1
1,-1,-1,-0.23529,1,0.14286,-1,1,0.33333,1,1,-0.32143,1,0.33333,1,1,-1,-1,1,1,-1,-1,-1,-1,-1
2,-1,1,-0.76471,1,-0.81319,-1,1,0.33333,1,-1,-0.14286,1,0.33333,-1,1,-1,-1,-1,1,-1,-1,1,-1,-1
2,-1,-0.33333,-0.76471,1,-0.86813,-1,0.5,0.33333,0.33333,-0.33333,-0.75,1,-1,-1,-1,-1,-1,-1,1,-1,-1,1,-1,-1
1,-1,-1,-0.41176,0,-0.2967,-1,0,1,-0.33333,0.33333,-0.92857,0,-1,-1,-1,-1,-1,-1,1,-1,-1,1,-1,1
2,-1,1,-0.76471,0,-0.86813,0.5,0.5,0.33333,-0.33333,-0.33333,0.28571,1,-1,-1,-1,1,-1,1,1,-1,-1,1,-1,-1
2,-1,1,-0.85294,1,-0.68132,1,0,0.33333,-0.33333,-1,-0.5,1,-0.33333,1,-1,-1,-1,-1,1,-1,-1,1,-1,-1
1,-1,1,-0.058824,0,-0.6044,1,1,-0.33333,1,-1,-0.071429,1,-1,-1,1,-1,-1,-1,1,-1,-1,1,-1,1
2,1,-1,-0.32353,-1,-0.43956,-1,-1,0.33333,1,-0.33333,0.10714,0,-0.33333,-1,1,-1,-1,-1,1,-1,-1,1,-1,-1
1,1,0.33333,-0.23529,0.5,-0.81319,-1,1,0.33333,1,-1,0.67857,1,-1,-1,1,-1,-1,-1,1,-1,-1,1,-1,-1
2,-1,1,-0.058824,1,-0.65934,1,1,0.33333,-0.33333,0.33333,0.14286,1,-1,-1,1,-1,-1,-1,1,-1,-1,1,-1,-1
1,-1,-0.33333,-0.94118,1,-0.92308,1,0.5,-0.33333,0.33333,-0.33333,-0.28571,1,-0.33333,-1,-1,-1,-1,-1,1,-1,-1,1,-1,1
2,-1,-1,-0.58824,-1,-0.68132,-1,0.5,0.33333,-1,-0.33333,-0.57143,-1,-1,-1,1,-1,-1,-1,1,-1,-1,1,-1,-1
2,-1,0.33333,-0.058824,0,-0.59341,-1,0,0.33333,-0.33333,-1,-0.85714,1,-1,-1,1,-1,-1,-1,1,-1,-1,1,-1,-1
1,-1,-1,-0.41176,0,-0.69231,-1,0,-1,-0.33333,-1,-0.82143,1,-1,-1,-1,-1,-1,-1,1,-1,1,-1,-1,1
2,-1,1,-0.82353,0,-0.86813,-1,0,-0.33333,1,0.33333,0.60714,1,-1,-1,1,-1,1,-1,1,-1,-1,1,-1,-1
1,-1,-0.33333,-0.76471,0,-0.95604,-1,-0.5,1,-1,-1,-0.75,-1,-1,-1,-1,-1,-1,-1,-1,-1,-1,1,-1,1
2,-1,-1,-0.76471,0,-0.89011,1,0,-0.33333,1,-0.33333,-0.85714,-1,-1,-1,1,-1,-1,-1,1,-1,1,-1,-1,-1
2,-1,1,-0.76471,0,-0.94505,-1,0,0.33333,-0.33333,-1,-0.60714,-1,-0.33333,-1,-1,-1,-1,-1,1,-1,-1,1,-1,-1
2,-1,1,-0.41176,0.5,-0.69231,1,0,0.33333,1,-1,-0.53571,1,-0.33333,1,1,-1,-1,-1,1,-1,-1,1,-1,-1
2,-1,1,-0.67647,0,-0.50549,-1,0,0.33333,-0.33333,0.33333,-0.60714,1,-1,-1,1,-1,-1,1,1,-1,-1,1,-1,-1
2,-1,1,-0.058824,-1,-0.73626,-1,0,0.33333,-0.33333,0.33333,-0.71429,1,-0.33333,-1,-1,-1,-1,-1,1,-1,-1,1,-1,-1
2,1,-0.33333,0.29412,0,0.18681,0.5,0.5,0.33333,-0.33333,1,-0.71429,-1,-0.33333,-1,1,-1,-1,-1,-1,1,-1,1,-1,-1
1,1,-1,-0.76471,0,-0.15385,-1,1,0.33333,1,1,0.21429,1,-1,-1,1,-1,-1,-1,1,-1,-1,-1,-1,-1
2,1,1,-0.85294,0,-0.85714,-1,0.5,0.33333,-0.33333,0.33333,-0.89286,1,-1,-1,-1,-1,-1,-1,1,-1,-1,1,-1,-1
2,-1,-1,-0.41176,0,-0.68132,-1,-0.5,0.33333,-1,1,-0.89286,-1,-1,-1,-1,-1,-1,-1,1,-1,-1,-1,-1,-1
2,1,0.33333,-0.058824,0,-0.56044,-1,0,0.33333,-0.33333,0.33333,-0.75,1,-1,-1,-1,-1,-1,-1,1,-1,-1,1,-1,-1
1,-1,1,-0.85294,0,-0.74725,0,1,0.33333,1,1,0.14286,1,-1,-1,-1,-1,1,-1,1,-1,-1,-1,-1,1
2,-1,1,-0.76471,0,-0.79121,-0.5,0.5,0.33333,-1,1,-0.42857,1,-1,-1,-1,-1,-1,-1,1,-1,-1,1,-1,-1
1,-1,-0.33333,-0.58824,0,-0.92308,-1,0,1,-0.33333,-1,-0.78571,1,-1,-1,-1,-1,-1,-1,-1,-1,-1,1,-1,1
1,-1,1,-1,1,-0.85714,-1,0.5,0.33333,-1,-1,-0.17857,1,0.33333,1,-1,-1,-1,-1,1,-1,-1,1,-1,1
1,1,-1,-0.41176,0,-0.82418,-1,-1,0.33333,-0.33333,0.33333,-0.60714,0,-1,1,-1,-1,-1,-1,1,-1,-1,1,-1,-1
1,1,-0.33333,-0.94118,0,0.58242,1,-1,0.33333,-0.33333,-0.33333,-0.85714,1,-1,-1,1,-1,1,-1,1,-1,-1,1,1,-1
1,1,-0.33333,-0.5,0,-0.71429,-0.5,1,-1,-0.33333,0.33333,0.5,-1,-0.33333,-1,-1,-1,-1,-1,1,-1,1,-1,-1,1
2,-1,1,-0.76471,1,-0.87912,-1,0,-0.33333,-0.33333,-0.33333,-0.42857,1,-0.33333,-1,-1,-1,-1,-1,1,-1,-1,1,-1,-1
2,-1,-1,-0.23529,0,-0.74725,-1,1,0.33333,0.33333,-0.33333,-0.28571,1,-1,1,-1,-1,-1,-1,-1,-1,-1,1,-1,-1
2,1,-1,-0.41176,0,-0.92308,1,1,-0.33333,-0.33333,0.33333,-0.64286,-1,-1,-1,-1,-1,1,-1,1,-1,-1,1,-1,-1
2,-1,1,-0.94118,0,-0.84615,-1,0.5,0.33333,-0.33333,-0.33333,0.14286,1,-1,1,-1,-1,-1,-1,1,-1,-1,1,-1,-1
2,1,-1,0.29412,-1,-0.51648,-1,1,0.33333,1,1,-0.82143,1,-0.33333,1,-1,-1,-1,1,1,-1,-1,-1,-1,-1
2,-1,1,-0.76471,1,-0.89011,-1,0,-0.33333,-0.33333,-1,-0.71429,1,-0.33333,-1,-1,-1,-1,-1,1,-1,-1,1,-1,-1
1,-1,1,-0.76471,-0.5,-0.64835,0,0,-0.33333,0.33333,-1,-0.42857,1,-1,1,-1,-1,-1,-1,1,-1,-1,1,-1,1
2,-1,1,-0.41176,0,-0.87912,-1,0.5,0.33333,-1,-1,-0.78571,1,-1,-1,1,-1,-1,-1,1,-1,-1,1,-1,-1
2,-1,1,-0.76471,1,-0.94505,-1,1,0.33333,1,-1,0.17857,1,0.33333,-1,-1,-1,-1,-1,1,-1,-1,1,-1,-1
2,-1,1,-0.94118,-1,-0.89011,-0.5,0,0.33333,-1,1,-0.42857,-1,-1,-1,-1,1,1,-1,1,-1,1,-1,-1,-1
2,-1,0.33333,-0.41176,0,-0.81319,-1,0,0.33333,-0.33333,-1,-0.75,1,-1,-1,-1,-1,-1,-1,1,-1,-1,1,-1,-1
2,1,1,-0.58824,0,-0.97802,-1,-1,-0.33333,1,-1,-0.89286,1,-1,-1,-1,-1,-1,-1,-1,1,1,-1,-1,-1
1,-1,-1,-0.94118,1,-0.94505,0.5,0.5,-0.33333,1,-1,-0.28571,1,-0.33333,-1,1,-1,1,-1,1,-1,-1,1,-1,1
1,-1,0.33333,-0.76471,0,-0.76923,-1,0,-0.33333,-0.33333,0.33333,-0.035714,1,-1,-1,-1,-1,-1,-1,1,-1,-1,1,-1,1
2,1,-0.33333,-0.23529,0,-0.78022,-1,0,-0.33333,-0.33333,1,-0.82143,-1,-1,-1,-1,-1,1,-1,-1,-1,-1,1,-1,-1
2,-1,1,-0.41176,0.5,-0.56044,-0.5,0,0.33333,0.33333,-0.33333,-0.42857,1,-0.33333,-1,-1,-1,-1,-1,1,-1,-1,1,-1,-1
2,-1,-0.33333,-0.85294,0,-0.8022,1,0.5,0.33333,-1,0.33333,-0.82143,1,-1,-1,1,-1,-1,-1,1,-1,-1,1,-1,-1
1,-1,-0.33333,0.64706,0.5,-0.20879,1,0,0.33333,-1,-1,-0.71429,1,-1,-1,-1,-1,-1,-1,1,-1,-1,1,-1,1
1,-1,1,-0.41176,1,-0.72527,-1,0,0.33333,-0.33333,-1,-0.42857,1,-0.33333,-1,-1,-1,-1,-1,1,-1,-1,1,-1,1
2,1,-1,-0.76471,-0.5,-0.79121,-1,0,-1,-1,1,-0.64286,1,-1,-1,-1,-1,-1,-1,1,-1,-1,-1,-1,-1
2,-1,1,-0.67647,0,-0.6044,-0.5,-0.5,-0.33333,1,0.33333,-0.85714,1,-1,-1,1,-1,-1,1,1,-1,-1,1,-1,-1
1,-1,1,-0.79412,1,-0.89011,-0.5,-1,-0.33333,1,-1,0.35714,1,0.33333,-1,-1,-1,-1,-1,1,-1,-1,1,-1,1
2,-1,-1,-0.76471,0,-0.83516,-1,0,0.33333,-0.33333,-1,-0.71429,1,-1,-1,-1,-1,-1,-1,1,-1,-1,1,-1,-1
2,-1,-1,-0.41176,0,-0.84615,-1,1,-0.33333,1,0.33333,0.28571,1,-1,-1,-1,-1,-1,-1,1,-1,-1,1,-1,-1
1,-1,-1,-0.58824,1,-0.43956,-1,1,0.33333,1,1,-0.39286,1,0.33333,-1,1,-1,1,-1,1,-1,-1,-1,-1,-1
1,-1,1,-0.76471,1,-0.72527,-1,1,-0.33333,1,1,0.35714,-1,0.33333,-1,-1,-1,-1,-1,1,-1,-1,-1,-1,1
1,-1,1,-0.82353,1,-0.89011,-1,1,0.33333,1,-1,-0.53571,1,-0.33333,1,-1,1,1,-1,1,-1,-1,1,-1,1
2,1,-0.33333,-0.67647,0,-0.93407,-1,1,0.33333,0.33333,0.33333,-0.35714,1,-1,1,-1,-1,-1,-1,1,-1,-1,1,-1,-1
2,-1,1,-0.058824,1,-0.32967,1,1,0.33333,1,-1,-0.39286,1,-0.33333,-1,-1,-1,-1,-1,1,-1,-1,1,-1,-1
2,-1,1,-0.41176,0,-0.85714,-1,-0.5,-0.33333,0.33333,0.33333,-0.32143,0,-1,-1,1,-1,-1,-1,1,-1,-1,1,-1,-1
1,1,-1,-0.70588,0,-0.032967,-1,1,-1,1,-0.33333,-0.071429,1,-1,-1,1,1,1,-1,1,-1,-1,1,-1,-1
2,-1,1,-0.41176,0,-0.91209,1,1,0.33333,-0.33333,0.33333,-0.78571,1,-0.33333,-1,-1,-1,-1,-1,1,-1,-1,1,-1,-1
2,-1,1,-0.58824,0,-0.72527,1,0.5,0.33333,0.33333,-0.33333,-0.53571,1,-1,-1,-1,1,1,-1,1,-1,-1,1,-1,-1
2,-1,1,-0.76471,1,-0.86813,0,0.5,-0.33333,1,0.33333,-0.35714,1,-1,-1,1,-1,-1,-1,1,-1,1,-1,-1,-1
1,-1,-0.33333,0.29412,-0.5,0.31868,1,-1,0.33333,1,1,-0.39286,1,-1,-1,1,-1,1,-1,-1,1,-1,-1,-1,-1
2,1,-0.33333,0.29412,0,-0.68132,-1,0.5,0.33333,1,-1,-0.67857,1,-0.33333,-1,-1,-1,-1,-1,1,-1,-1,1,-1,-1
1,1,-1,-0.23529,0,0.2967,-1,-0.5,-1,-1,1,-0.46429,1,-1,-1,1,-1,-1,-1,1,-1,-1,1,-1,1
2,-1,1,-0.85294,0,-0.72527,-1,0,0.33333,-0.33333,-1,-0.53571,1,-1,1,-1,-1,-1,-1,1,-1,-1,1,-1,-1
2,-1,1,-0.58824,1,-0.75824,-1,0,-0.33333,-0.33333,0.33333,-0.75,1,-0.33333,-1,-1,-1,-1,-1,1,-1,-1,1,-1,-1
1,-1,-1,-0.76471,0,-0.87912,1,1,-1,1,-0.33333,0.071429,1,-1,-1,1,-1,-1,-1,1,-1,-1,1,-1,1
2,1,1,-0.94118,0,-0.51648,-1,-0.5,-0.33333,1,-0.33333,-0.53571,1,-1,-1,-1,-1,-1,-1,1,-1,-1,1,-1,-1
1,-1,1,-0.41176,0,-0.81319,-0.5,0,0.33333,1,0.33333,-0.64286,1,-1,-1,1,-1,-1,-1,1,-1,1,-1,-1,-1
2,-1,1,-0.67647,1,-0.64835,0.5,1,0.33333,1,1,-0.85714,1,-0.33333,-1,1,-1,-1,1,1,-1,1,-1,-1,-1
2,-1,1,-0.76471,0,-0.84615,-1,0,0.33333,-0.33333,-1,0.10714,1,-1,-1,-1,-1,-1,-1,1,-1,-1,1,-1,-1
1,-1,0.33333,-0.58824,-0.5,-0.86813,1,0.5,0.33333,1,0.33333,0.071429,-1,-1,-1,-1,-1,-1,-1,1,-1,-1,1,-1,1
2,-1,1,-0.67647,1,-0.85714,1,1,0.33333,1,-0.33333,0.57143,1,-1,-1,-1,-1,-1,-1,1,-1,-1,1,-1,-1
2,-1,-0.33333,-0.41176,1,-0.59341,-0.5,-0.5,-1,-0.33333,0.33333,-0.35714,1,-1,-1,1,-1,1,-1,1,-1,-1,1,-1,-1
1,-1,-1,0.26471,0,0.15385,-1,-0.5,-0.33333,-1,-1,-0.42857,1,-1,-1,1,-1,1,-1,1,-1,-1,1,-1,1
2,-1,-1,0.29412,0,-0.49451,-1,0.5,0.33333,0.33333,-0.33333,-0.75,1,-1,1,-1,-1,-1,1,1,-1,-1,1,-1,-1
1,-1,-0.33333,0.29412,0.5,-0.18681,-0.5,-1,0.33333,1,1,-0.57143,1,-1,-1,1,-1,-1,-1,1,-1,-1,-1,-1,-1
2,-1,-0.33333,-0.76471,0,-0.9011,-1,0,-0.33333,1,-1,0.071429,1,-0.33333,-1,1,-1,-1,-1,-1,-1,-1,1,-1,-1
2,1,-1,-0.41176,0.5,-0.91209,-1,-0.5,1,1,-1,0.035714,0,-1,-1,-1,-1,-1,-1,1,-1,-1,1,-1,-1
2,-1,1,-0.76471,0,-0.9011,-1,0,1,-0.33333,-1,-0.75,1,-1,-1,1,1,-1,-1,1,-1,-1,1,-1,-1
1,1,-0.33333,-0.058824,0,0.010989,-1,-0.5,1,1,0.33333,-0.67857,1,-1,-1,1,-1,-1,1,1,-1,1,-1,-1,-1
1,-1,-1,-0.41176,1,-0.31868,-1,1,-0.33333,1,1,-0.10714,1,-0.33333,1,1,-1,-1,1,1,-1,-1,-1,-1,-1
2,-1,0.33333,0.11765,1,-0.49451,-1,1,0.33333,1,1,0.32143,1,-1,-1,-1,-1,-1,1,1,-1,-1,-1,-1,-1
1,-1,1,0.29412,1,-0.18681,1,1,-1,-0.33333,0.33333,-0.035714,-1,-0.33333,1,-1,-1,-1,-1,1,-1,-1,1,-1,-1
2,1,-0.33333,0.29412,0,0.076923,-1,-0.5,-0.33333,-0.33333,0.33333,-0.75,1,-1,-1,1,-1,-1,-1,1,-1,-1,1,-1,-1
2,-1,1,-0.76471,0,-0.50549,1,-0.5,-0.33333,1,0.33333,-0.96429,1,-1,-1,-1,-1,-1,1,1,-1,1,-1,-1,-1
1,-1,1,-0.82353,0,-0.87912,1,1,0.33333,-0.33333,-0.33333,-0.071429,1,-1,-1,-1,1,1,-1,-1,1,-1,1,-1,1
2,-1,1,-0.58824,0,-0.74725,-1,0,0.33333,1,-1,-0.14286,1,-1,-1,1,-1,-1,-1,1,-1,-1,1,-1,-1
2,-1,-0.33333,-0.5,1,-0.72527,0.5,0.5,0.33333,-0.33333,0.33333,-0.53571,1,-0.33333,-1,1,-1,-1,-1,1,-1,-1,1,-1,-1
1,-1,1,-0.94118,0,-0.94505,-1,-1,-0.33333,1,-1,0.25,1,-1,-1,1,-1,1,-1,1,-1,-1,1,1,-1
2,1,-0.33333,-0.058824,-1,-0.6044,-1,0,-0.33333,-1,0.33333,-0.17857,1,-1,-1,1,-1,-1,-1,1,-1,-1,1,-1,-1
1,1,0.33333,-0.41176,1,-0.87912,1,0.5,0.33333,-0.33333,-1,-0.35714,-1,-0.33333,1,-1,-1,1,-1,1,-1,-1,1,-1,1
2,-1,-1,-0.82353,1,-0.91209,-1,0.5,0.33333,0.33333,-0.33333,0.071429,1,-0.33333,-1,1,-1,1,-1,-1,1,-1,1,-1,-1
2,1,1,0.29412,1,0.087912,0,0,0.33333,-0.33333,1,-0.10714,-1,-1,-1,-1,-1,1,-1,1,-1,-1,-1,-1,-1
2,-1,1,-0.94118,0,-0.85714,0.5,0,-1,-0.33333,-1,-0.5,1,-1,-1,-1,-1,-1,-1,1,-1,-1,1,-1,-1
1,-1,1,-0.23529,0,-0.49451,1,0.5,-0.33333,1,-0.33333,-0.82143,0,-1,-1,-1,-1,-1,1,1,-1,1,-1,-1,1
1,1,-1,-0.76471,0,-0.94505,-0.5,-0.5,1,0.33333,1,-0.5,1,-1,-1,1,-1,-1,-1,1,-1,-1,1,-1,1
2,1,-0.33333,-0.88235,0,-0.89011,-1,0,-0.33333,1,-1,-0.82143,1,-1,-1,-1,-1,-1,-1,1,-1,-1,1,-1,-1
1,-1,-0.33333,-0.85294,0,-0.98901,-1,0,1,1,-1,-0.89286,1,-1,-1,-1,-1,1,-1,1,-1,1,-1,-1,1
1,-1,-0.33333,0.29412,0,-0.42857,1,-1,0.33333,1,1,-0.25,-1,-1,-1,1,-1,-1,-1,1,-1,-1,-1,1,-1
2,-1,1,-0.41176,0,-0.41758,-0.5,0,0.33333,-1,0.33333,-0.78571,0,-1,-1,-1,-1,-1,-1,1,-1,-1,1,-1,-1
2,-1,0.33333,-0.41176,0,-0.61538,-1,-0.5,-0.33333,1,0.33333,-0.75,1,-1,-1,-1,-1,-1,-1,1,-1,-1,1,-1,-1
1,1,-0.33333,-0.76471,0,-0.94505,-1,0.5,1,0.33333,0.33333,-0.78571,-1,-1,-1,-1,-1,1,-1,1,-1,-1,1,-1,1
1,-1,0.33333,-1,0,-0.85714,1,-0.5,0.33333,-0.33333,-1,-0.64286,1,-1,1,-1,1,1,-1,1,-1,-1,1,-1,1
2,1,-1,-0.058824,-0.5,-0.72527,-1,1,0.33333,1,0.33333,-0.57143,-1,-1,-1,-1,-1,-1,-1,1,-1,-1,1,-1,-1
1,-1,-1,-0.76471,0,-0.94505,-1,0,0.33333,0.33333,-0.33333,-0.32143,1,-1,1,-1,-1,-1,-1,-1,-1,-1,1,-1,1
1,-1,-0.33333,-0.41176,0,-0.53846,1,0,-0.33333,1,-0.33333,0.035714,1,-1,-1,1,-1,-1,-1,1,-1,-1,1,-1,1
2,-1,1,-0.76471,1,-0.94505,-1,0,0.33333,-0.33333,0.33333,-0.53571,1,-0.33333,-1,-1,-1,-1,-1,1,-1,-1,1,-1,-1
1,-1,-1,-0.67647,0.5,-0.62637,-1,1,-0.33333,1,-0.33333,-0.71429,1,-0.33333,-1,-1,-1,-1,-1,1,-1,-1,1,-1,1
1,1,-0.33333,-0.23529,1,-0.56044,-1,-1,1,-0.33333,0.33333,-0.67857,1,-0.33333,-1,-1,-1,1,-1,1,-1,-1,1,-1,-1
2,1,-1,-0.41176,0,-0.81319,-1,-0.5,-1,0.33333,-0.33333,-0.53571,1,-1,-1,-1,-1,-1,-1,1,-1,-1,1,-1,-1
1,-1,-1,-0.41176,0,-0.7033,-1,0.5,0.33333,-1,1,-0.46429,1,-1,-1,1,-1,-1,1,1,-1,-1,-1,-1,-1
2,-1,-1,-0.58824,0,-0.72527,0.5,0,0.33333,-0.33333,0.33333,-0.67857,1,-1,-1,-1,-1,-1,-1,1,-1,-1,1,-1,-1
2,-1,1,-0.58824,1,-0.91209,-1,0,-0.33333,0.33333,-1,-0.39286,1,-0.33333,-1,-1,-1,1,-1,1,-1,-1,1,-1,-1
1,-1,-1,-0.88235,1,-0.64835,-1,0.5,0.33333,1,-1,-0.28571,1,-0.33333,-1,-1,1,1,-1,1,-1,-1,1,-1,1
2,-1,1,-0.76471,1,-0.38462,1,1,0.33333,1,-0.33333,0.071429,1,-1,-1,1,-1,-1,-1,1,-1,1,-1,-1,-1
2,-1,1,-0.41176,0,-0.85714,0.5,0.5,-0.33333,0.33333,0.33333,-0.46429,1,-1,1,1,-1,1,-1,1,-1,-1,1,-1,-1
2,-1,0.33333,-0.058824,0,-0.52747,-1,1,0.33333,-0.33333,0.33333,-0.57143,1,-1,-1,-1,-1,-1,-1,1,-1,-1,1,-1,-1
2,-1,-0.33333,-0.94118,0,-0.9011,-1,1,0.33333,1,0.33333,-0.67857,1,-1,1,-1,-1,-1,-1,1,-1,-1,1,-1,-1
1,-1,-1,-0.41176,1,-0.2967,-1,-1,0.33333,1,1,1,1,-0.33333,-1,1,-1,-1,1,1,-1,-1,-1,-1,-1
2,1,1,-0.58824,1,-0.81319,-0.5,0,-0.33333,-0.33333,-1,-0.60714,1,-0.33333,-1,-1,-1,-1,-1,1,-1,-1,1,-1,-1
1,1,-0.33333,0.64706,0,-0.20879,-0.5,-0.5,-0.33333,-0.33333,-0.33333,-0.82143,1,-1,-1,-1,-1,1,-1,1,-1,-1,1,-1,-1
1,1,1,0.29412,1,0.25275,-0.5,0,-0.33333,1,0.33333,-0.82143,-1,-0.33333,-1,-1,-1,-1,1,1,-1,1,-1,-1,1
2,1,-1,-0.41176,-1,-0.57143,-1,1,0.33333,1,1,-0.85714,-1,-0.33333,1,-1,-1,-1,-1,1,-1,1,-1,-1,-1
1,1,-1,-0.94118,1,-0.64835,-1,0,-1,1,-1,-0.10714,1,-1,-1,1,-1,-1,-1,1,-1,1,-1,-1,-1
1,-1,-0.33333,-0.73529,0,-0.79121,-1,-0.5,-0.33333,1,-0.33333,-0.85714,1,-1,-1,-1,-1,-1,-1,-1,-1,-1,1,-1,1
2,1,-1,-0.67647,0,-0.87912,1,0,-0.33333,-0.33333,0.33333,-0.82143,1,-1,-1,-1,-1,-1,-1,1,-1,1,-1,-1,-1
2,-1,-1,-0.41176,0,-0.56044,-1,0,0.33333,1,-0.33333,-0.67857,1,-1,-1,-1,-1,-1,-1,1,-1,-1,1,-1,-1
1,-1,-0.33333,-0.82353,0,-0.85714,-1,0,-1,-0.33333,0.33333,-0.57143,1,-1,-1,-1,-1,-1,-1,1,-1,-1,1,-1,1
2,-1,-0.33333,-0.41176,1,-0.3956,-1,-0.5,-0.33333,1,1,-0.82143,1,-0.33333,-1,1,-1,-1,-1,1,-1,-1,-1,-1,-1
1,-1,-1,-0.5,0,-0.62637,-1,0.5,-0.33333,1,0.33333,-0.75,1,-1,-1,-1,-1,-1,-1,1,-1,1,-1,-1,1
2,-1,-0.33333,-0.58824,0,-0.67033,0,-0.5,1,0.33333,-1,-0.78571,1,-1,-1,-1,-1,-1,-1,1,-1,1,-1,-1,-1
1,-1,-0.33333,-0.58824,0,-0.53846,-1,1,0.33333,-1,-1,-0.5,-1,-1,-1,1,-1,-1,-1,-1,1,-1,1,-1,-1
1,-1,0.33333,-0.82353,0,-0.59341,-1,-0.5,0.33333,-1,-0.33333,-0.35714,1,-1,1,-1,-1,1,-1,-1,-1,-1,1,-1,1
1,-1,1,-0.67647,1,-0.85714,-1,0,-0.33333,-0.33333,0.33333,-0.14286,1,-1,-1,-1,-1,-1,-1,1,-1,-1,1,-1,1
2,-1,-0.33333,-0.73529,1,-0.92308,-1,-0.5,0.33333,1,-1,-0.85714,1,-0.33333,-1,-1,-1,-1,-1,-1,-1,-1,1,-1,-1
1,-1,-0.33333,-0.41176,0,-0.6044,0,-1,-0.33333,1,1,-0.85714,1,-1,-1,-1,-1,-1,-1,1,-1,1,-1,1,-1
1,-1,1,-0.94118,0.5,-0.83516,-0.5,0,0.33333,-0.33333,-1,-0.46429,1,-0.33333,-1,-1,-1,-1,-1,1,-1,-1,1,-1,1
2,1,-0.33333,-0.85294,1,-0.9011,0.5,1,0.33333,0.33333,1,-0.53571,1,-0.33333,1,-1,-1,-1,-1,1,-1,-1,-1,-1,-1
2,-1,1,-0.85294,0,-0.89011,-1,-0.5,-0.33333,1,-1,-0.85714,1,-1,-1,1,-1,-1,-1,1,-1,1,-1,-1,-1
2,1,-0.33333,-0.85294,0,-0.91209,-1,0,-0.33333,-0.33333,0.33333,-0.64286,1,-1,-1,-1,1,-1,-1,1,-1,-1,1,-1,-1
1,-1,1,-0.58824,1,-0.67033,1,-1,0.33333,1,1,-0.32143,1,-1,-1,1,-1,-1,1,1,-1,-1,1,-1,-1
2,1,-1,-0.76471,-1,-0.34066,-1,0,0.33333,-0.33333,-0.33333,-0.67857,1,-0.33333,-1,1,-1,-1,-1,1,-1,1,-1,-1,-1
2,-1,1,-0.82353,0,-0.94505,0,1,0.33333,1,1,-0.035714,1,-1,-1,1,-1,-1,-1,1,-1,-1,-1,-1,-1
1,1,-0.33333,-0.41176,0,-0.89011,-1,-0.5,0.33333,-0.33333,-1,-0.85714,0,-1,-1,-1,-1,1,-1,1,-1,-1,1,-1,1
2,-1,1,-0.76471,1,-0.76923,1,1,0.33333,1,-1,0.071429,1,-1,-1,1,-1,-1,-1,-1,1,-1,1,-1,-1
1,1,1,-0.058824,0.5,-0.52747,-1,0,0.33333,-0.33333,0.33333,-0.75,1,-0.33333,-1,1,-1,-1,-1,1,-1,-1,1,-1,-1
2,-1,1,-0.76471,0,-0.93407,-1,0,1,-0.33333,-1,-0.67857,1,-1,-1,-1,-1,-1,-1,1,-1,-1,1,-1,-1
2,1,-1,-0.23529,0,-0.75824,-1,0.5,-0.33333,1,-1,-0.85714,1,-1,-1,-1,-1,-1,-1,1,-1,1,-1,-1,-1
2,-1,-0.33333,-0.58824,0,-0.89011,1,0,0.33333,1,1,0.5,1,-1,-1,-1,-1,-1,-1,1,-1,-1,-1,-1,-1
1,-1,0.33333,-0.76471,0,-0.64835,1,1,0.33333,0.33333,0.33333,-0.35714,1,-1,-1,-1,-1,-1,-1,1,-1,-1,1,-1,-1
2,-1,0.33333,-0.76471,0.5,-0.78022,-1,0,-0.33333,-0.33333,0.33333,-0.39286,0,-0.33333,-1,1,-1,1,-1,1,-1,-1,1,-1,-1
2,-1,1,-0.94118,0,-0.82418,-1,0,1,-0.33333,-0.33333,-0.92857,1,-1,-1,-1,-1,-1,-1,1,-1,1,-1,-1,-1
1,1,-1,-0.58824,0,-0.74725,-1,-1,0.33333,-1,0.33333,-0.78571,1,-1,-1,-1,-1,-1,-1,1,-1,-1,1,1,-1
2,-1,1,-0.76471,0,-0.85714,-1,0.5,0.33333,1,0.33333,-0.39286,1,-1,-1,1,-1,-1,-1,1,-1,-1,1,-1,-1
2,-1,1,-0.58824,1,-0.6044,-1,0.5,0.33333,-1,0.33333,-0.71429,1,-0.33333,-1,-1,-1,-1,1,1,-1,-1,1,-1,-1
2,-1,-1,-0.58824,0,-0.62637,-1,-0.5,-0.33333,1,0.33333,-0.89286,1,-1,-1,-1,-1,-1,-1,1,-1,1,-1,-1,-1
2,1,-1,-0.058824,0,-0.64835,-1,1,0.33333,-0.33333,0.33333,-0.17857,1,-1,1,-1,-1,-1,-1,1,-1,-1,1,-1,-1
2,-1,-0.33333,-0.58824,0,-0.69231,-1,0.5,-0.33333,1,-1,-0.25,1,-1,-1,-1,-1,-1,-1,1,-1,1,-1,-1,-1
2,-1,1,-0.058824,0,-0.68132,1,0,0.33333,1,-1,-0.39286,1,-1,-1,-1,-1,1,-1,1,-1,-1,1,-1,-1
2,-1,1,-0.58824,1,-0.35165,-1,1,0.33333,1,0.33333,-0.5,1,-0.33333,-1,1,-1,-1,-1,1,-1,-1,1,-1,-1
2,-1,1,-0.82353,1,-0.79121,-1,-0.5,-0.33333,0.33333,-1,-0.85714,1,-0.33333,-1,-1,-1,-1,-1,1,-1,1,-1,-1,-1
1,-1,1,0.64706,1,0.49451,1,1,0.33333,1,1,0.57143,-1,-1,-1,1,-1,1,-1,1,-1,-1,-1,-1,-1
1,1,-0.33333,0.64706,-0.5,0.6044,-0.5,1,-0.33333,1,1,0.46429,-1,-0.33333,-1,1,-1,-1,-1,1,-1,-1,-1,-1,-1
2,1,-1,0.29412,-0.5,-0.17582,-1,0.5,-0.33333,1,0.33333,-0.35714,1,-1,-1,-1,-1,-1,-1,-1,-1,1,-1,-1,-1
2,-1,1,-0.58824,0.5,-0.76923,-1,-1,1,0.33333,-1,-0.46429,1,-0.33333,-1,-1,-1,-1,-1,1,-1,-1,1,-1,-1
2,-1,1,-0.91176,0.5,-0.93407,1,1,0.33333,1,1,-0.39286,1,-1,-1,-1,-1,-1,-1,1,-1,-1,-1,-1,-1
1,1,-0.33333,-0.058824,0,0.54945,-1,1,0.33333,-0.33333,1,0.35714,1,-1,-1,1,-1,1,-1,1,-1,-1,-1,-1,-1
1,-1,1,-0.94118,1,-0.97802,-0.5,0,-0.33333,1,0.33333,0.17857,1,-0.33333,-1,-1,-1,1,-1,1,-1,-1,1,-1,1
2,-1,-1,-0.52941,0,-0.78022,1,0.5,0.33333,1,0.33333,-0.28571,1,-1,-1,1,-1,-1,-1,1,-1,-1,1,-1,-1
1,1,-0.33333,-0.58824,0,0.40659,-1,-1,-0.33333,1,1,-0.32143,1,-1,-1,1,-1,-1,1,1,-1,-1,-1,-1,-1
2,-1,1,-0.47059,0,-0.87912,1,0.5,-0.33333,1,-0.33333,-0.78571,1,-1,-1,-1,-1,1,-1,1,-1,1,-1,-1,-1
2,-1,0.33333,-0.76471,0,-0.87912,-1,-0.5,0.33333,-1,-1,-0.75,1,-1,-1,-1,-1,1,-1,1,-1,-1,1,-1,-1
1,-1,1,-0.23529,0.5,-0.54945,-0.5,0,0.33333,-0.33333,-0.33333,-0.75,1,-0.33333,-1,-1,-1,-1,-1,1,-1,-1,1,-1,1
2,-1,1,-0.58824,1,-0.78022,-1,0,-0.33333,-1,0.33333,-0.78571,1,-0.33333,-1,-1,-1,-1,-1,1,-1,-1,1,-1,-1
2,-1,1,-0.58824,0,-0.9011,1,-0.5,-0.33333,-0.33333,-1,-0.92857,1,-1,-1,1,-1,-1,-1,1,-1,1,-1,-1,-1
1,-1,-0.33333,-0.58824,1,-0.20879,-1,-1,0.33333,1,-0.33333,-0.25,0,-0.33333,-1,1,-1,-1,-1,1,-1,-1,1,-1,-1
2,-1,-0.33333,-0.67647,1,-0.76923,0,0,0.33333,1,0.33333,-0.71429,-1,-1,-1,-1,-1,-1,-1,1,-1,-1,1,-1,-1
2,-1,1,-0.85294,0,-0.86813,-1,0.5,-0.33333,-0.33333,0.33333,-0.71429,1,-0.33333,-1,-1,-1,-1,-1,1,-1,-1,1,-1,-1
1,-1,1,-0.58824,0,-0.82418,-1,0,1,-0.33333,-0.33333,-0.60714,1,-1,-1,1,-1,1,-1,1,-1,-1,1,-1,-1
1,-1,-0.33333,-0.76471,0,-0.91209,0.5,-0.5,-0.33333,1,-1,-1,1,-1,-1,-1,-1,-1,-1,1,-1,1,-1,-1,1
1,-1,-1,-0.058824,0,-0.67033,-1,0.5,0.33333,1,1,-0.28571,-1,-1,1,1,-1,1,-1,1,-1,-1,-1,-1,-1
2,-1,-1,-0.94118,1,-0.8022,-1,0.5,-0.33333,1,0.33333,-0.57143,1,-1,-1,-1,-1,-1,-1,1,-1,-1,1,-1,-1
1,-1,1,-0.85294,1,-0.75824,-1,-1,0.33333,0.33333,0.33333,-0.57143,1,-1,-1,-1,-1,-1,-1,1,-1,-1,1,-1,-1
2,-1,-0.33333,0.029412,0.5,0.27473,-0.5,0.5,0.33333,0.33333,1,-0.53571,1,-1,-1,1,-1,-1,-1,1,-1,1,-1,-1,-1
1,-1,-1,-0.76471,0,-0.73626,-1,-1,-0.33333,1,1,0.28571,1,-1,-1,-1,-1,-1,-1,1,-1,-1,-1,-1,-1
2,-1,-1,-0.058824,1,-0.76923,-1,0,1,-0.33333,-0.33333,-0.035714,1,-0.33333,-1,1,-1,-1,-1,1,-1,-1,1,-1,-1
2,1,-0.33333,-0.76471,0,-0.89011,-1,1,-1,-1,-1,-0.035714,1,-0.33333,-1,-1,-1,1,-1,1,-1,1,-1,-1,-1
1,-1,1,-0.41176,1,-0.85714,0.5,0,-0.33333,-1,-1,-0.14286,1,-0.33333,-1,-1,-1,-1,-1,1,-1,-1,1,-1,1
2,-1,1,-0.58824,0,-0.85714,-1,-0.5,1,1,-1,-0.28571,1,-1,-1,1,-1,-1,-1,1,-1,-1,1,-1,-1
2,-1,-0.33333,-0.58824,1,-0.81319,1,0,1,1,-1,-0.67857,-1,-0.33333,-1,-1,-1,-1,-1,1,-1,-1,1,-1,-1
2,1,1,-0.41176,0.5,-0.076923,-1,-0.5,0.33333,-0.33333,0.33333,-0.71429,-1,-0.33333,-1,1,-1,-1,-1,1,-1,-1,1,-1,-1
1,-1,1,-0.70588,0.5,-0.93407,-1,0,0.33333,-0.33333,0.33333,-0.71429,1,-0.33333,-1,-1,-1,1,-1,1,-1,-1,1,-1,1
2,-1,-0.33333,-0.58824,0.5,-0.7033,1,1,0.33333,1,0.33333,-0.14286,1,-1,1,-1,-1,1,-1,1,-1,-1,1,-1,-1
2,1,-0.33333,-0.41176,0,-0.8022,-1,-0.5,1,-1,-0.33333,-0.89286,1,-1,-1,1,-1,-1,-1,1,-1,-1,1,-1,-1
2,-1,1,-0.41176,1,-0.78022,1,0.5,0.33333,1,0.33333,-0.14286,1,-0.33333,1,1,-1,-1,1,1,-1,-1,1,-1,-1
2,-1,-1,-0.67647,0,-0.9011,-1,-0.5,1,-0.33333,-1,-0.71429,1,-1,-1,-1,1,-1,-1,1,-1,-1,1,-1,-1
1,-1,1,-0.41176,0,-0.67033,0,1,-1,-0.33333,0.33333,-0.75,1,-1,-1,1,-1,-1,-1,1,-1,-1,1,-1,-1
2,1,0.33333,-0.76471,1,-0.92308,0,0.5,1,-0.33333,-1,-0.67857,1,0.33333,-1,1,-1,1,-1,1,-1,-1,1,-1,-1
2,-1,-0.33333,-0.41176,0,-0.8022,-1,1,-0.33333,1,0.33333,-0.96429,1,-1,-1,1,-1,-1,-1,1,-1,-1,1,-1,-1
1,-1,1,-0.14706,1,-0.21978,-1,0.5,0.33333,-0.33333,0.33333,-0.42857,1,-0.33333,-1,1,-1,-1,1,1,-1,-1,1,-1,-1
1,1,1,-0.76471,1,-0.76923,-1,-1,0.33333,-0.33333,0.33333,-0.17857,0,-0.33333,-1,1,-1,-1,-1,1,-1,-1,1,-1,-1
1,-1,1,-0.82353,0,-0.84615,0,0,0.33333,-0.33333,1,-0.25,1,-1,1,-1,1,1,-1,1,-1,1,-1,-1,1
2,1,-1,-0.41176,0,-0.86813,1,0,-0.33333,-0.33333,-0.33333,-0.42857,1,-1,-1,-1,-1,1,-1,1,-1,-1,1,-1,-1
2,-1,1,-0.058824,1,-0.38462,-1,1,0.33333,-0.33333,-0.33333,-0.42857,1,-0.33333,1,1,-1,-1,1,1,-1,-1,1,-1,-1
1,1,-1,-0.76471,0,-0.73626,-1,-0.5,0.33333,-1,-1,-0.5,1,-1,1,-1,-1,1,-1,1,-1,-1,1,-1,1
2,-1,-1,-0.58824,0.5,-0.087912,1,0,-0.33333,-0.33333,0.33333,-0.85714,1,-0.33333,-1,1,-1,-1,-1,1,-1,1,-1,-1,-1
1,-1,1,-0.5,0,-0.71429,0,0.5,-0.33333,-0.33333,0.33333,-0.57143,-1,-1,-1,-1,-1,1,-1,1,-1,-1,1,-1,-1
2,1,-0.33333,-0.58824,0,-0.91209,1,0,-0.33333,-0.33333,-0.33333,-0.5,1,-1,-1,-1,-1,1,-1,1,-1,-1,1,-1,-1
2,-1,1,-0.67647,0,-0.67033,0.5,0.5,-0.33333,0.33333,0.33333,-0.96429,1,-1,-1,-1,-1,1,-1,1,-1,1,-1,-1,-1
2,-1,-0.33333,-0.76471,0,-0.8022,1,0,0.33333,-0.33333,0.33333,-0.60714,1,-1,-1,-1,-1,-1,1,1,-1,-1,1,-1,-1
1,-1,-0.33333,-0.76471,1,-0.91209,-1,0.5,0.33333,0.33333,-1,0,1,-0.33333,1,-1,-1,1,-1,1,-1,-1,1,-1,1
1,-1,1,-0.5,0.5,-0.84615,-0.5,0.5,0.33333,0.33333,-1,-0.46429,1,-0.33333,-1,-1,-1,-1,-1,1,-1,-1,1,-1,-1
2,1,-0.33333,-0.76471,0,-0.71429,1,1,-0.33333,-0.33333,-0.33333,-0.78571,-1,-1,-1,1,-1,-1,-1,1,-1,-1,1,-1,-1
2,-1,-0.33333,-0.58824,0,-0.71429,-1,0,1,0.33333,0.33333,-0.92857,1,-1,-1,1,-1,-1,1,1,-1,1,-1,-1,-1
2,-1,1,-0.29412,1,-0.72527,-1,1,0.33333,-0.33333,0.33333,-0.64286,1,-0.33333,-1,-1,-1,-1,-1,1,-1,-1,1,-1,-1
2,-1,1,-0.58824,1,-0.9011,0.5,0,0.33333,0.33333,-1,-0.035714,1,-0.33333,-1,-1,-1,-1,-1,1,-1,-1,1,-1,-1
2,-1,1,-0.85294,0,-0.87912,-1,1,0.33333,1,0.33333,-0.96429,1,-1,-1,-1,-1,-1,-1,1,-1,-1,1,-1,-1
1,1,-1,-0.58824,1,-0.89011,-1,-1,-0.33333,1,1,0.28571,1,0.33333,1,-1,-1,-1,-1,1,-1,-1,-1,1,-1
1,-1,1,-0.97059,0,-0.64835,-1,0.5,0.33333,1,-1,0.96429,1,-1,-1,-1,-1,-1,-1,1,-1,-1,1,-1,1
1,1,-0.33333,-0.41176,0,0.21978,-1,0,0.33333,0.33333,0.33333,-0.64286,-1,-0.33333,-1,1,-1,-1,-1,-1,1,-1,1,-1,-1
1,-1,-1,-0.94118,1,-0.81319,-1,-1,0.33333,1,1,-0.39286,1,0.33333,-1,1,-1,-1,-1,1,-1,-1,-1,-1,-1
2,-1,1,-0.41176,1,-0.79121,-1,0,-1,-0.33333,-1,-0.5,1,-0.33333,-1,1,-1,-1,-1,1,-1,-1,1,-1,-1
2,-1,-1,-0.85294,0,-0.79121,-1,0,0.33333,-0.33333,-1,-0.78571,1,-1,-1,-1,-1,-1,-1,1,-1,-1,1,-1,-1
2,1,-0.33333,-0.76471,0,-0.85714,1,0,1,-1,-1,-0.78571,1,-1,-1,1,-1,-1,-1,1,-1,-1,1,-1,-1
1,-1,1,-0.94118,0,-0.94505,0,0.5,1,1,-1,-0.85714,1,-1,-1,-1,-1,-1,-1,1,-1,1,-1,-1,1
2,-1,1,-0.41176,1,-0.87912,0.5,1,-0.33333,1,-1,-0.35714,1,-0.33333,-1,1,-1,1,-1,1,-1,-1,1,-1,-1
1,-1,-1,0.11765,1,-0.64835,-1,-1,0.33333,1,0.33333,0.64286,1,-0.33333,-1,-1,-1,-1,-1,-1,1,-1,1,1,-1
1,1,0.33333,-0.76471,-0.5,-0.95604,-1,-0.5,-0.33333,-1,-1,-0.75,1,-1,-1,-1,-1,-1,-1,1,-1,-1,1,1,-1
1,-1,1,-0.76471,0,-0.81319,-1,1,0.33333,1,0.33333,-0.28571,1,-1,-1,1,-1,1,-1,1,-1,-1,1,-1,-1
2,-1,-1,-0.76471,0,-0.84615,-1,0,-0.33333,0.33333,-0.33333,-0.60714,1,-1,-1,-1,-1,-1,-1,-1,1,-1,1,-1,-1
2,-1,-0.33333,-0.52941,0.5,-0.73626,-1,0,0.33333,0.33333,0.33333,-0.64286,-1,-0.33333,-1,1,-1,-1,-1,1,-1,-1,1,-1,-1
1,1,1,-0.76471,0,-0.94505,-1,1,0.33333,1,0.33333,-0.21429,-1,-1,1,-1,-1,-1,-1,1,-1,-1,1,-1,1
1,1,-0.33333,0.29412,1,-0.46154,-1,0,-0.33333,0.33333,0.33333,-0.60714,1,-1,-1,1,-1,-1,-1,1,-1,-1,1,-1,-1
1,-1,1,-0.85294,1,-0.89011,1,1,-0.33333,1,-0.33333,-0.21429,1,-0.33333,-1,-1,-1,-1,-1,1,-1,1,-1,-1,1
2,1,-1,-0.058824,0,-0.82418,-1,-0.5,-0.33333,1,0.33333,-0.46429,1,-1,-1,1,-1,1,-1,1,-1,-1,1,-1,-1
2,-1,-0.33333,-0.91176,0,-0.73626,-1,0,0.33333,-0.33333,-1,-0.42857,1,-1,-1,-1,-1,-1,-1,-1,-1,-1,1,-1,-1
1,-1,0.33333,-0.76471,0,-0.86813,1,1,-0.33333,1,-1,0.28571,1,-1,-1,1,-1,-1,-1,1,-1,-1,1,-1,-1
2,1,-0.33333,-0.67647,0.5,-0.85714,0.5,0,1,0.33333,-0.33333,0.5,0,-0.33333,-1,-1,-1,-1,-1,1,-1,-1,1,-1,-1
1,-1,1,-0.058824,1,0.1978,1,0,0.33333,-0.33333,0.33333,-0.60714,1,-1,-1,1,-1,-1,1,1,-1,-1,1,-1,-1
2,-1,1,-0.94118,0,-0.96703,-1,0,-0.33333,-1,-1,-0.64286,1,-1,-1,-1,-1,-1,-1,1,-1,-1,1,-1,-1
2,-1,1,-0.76471,-1,-0.71429,-1,1,0.33333,1,-0.33333,-0.46429,1,-0.33333,-1,-1,-1,-1,-1,1,-1,-1,1,-1,-1
1,-1,1,-0.41176,0,-0.72527,-1,1,0.33333,1,0.33333,-0.42857,1,-1,-1,1,-1,-1,1,1,-1,-1,1,-1,-1
2,1,-1,-0.41176,0,-0.49451,-1,0.5,0.33333,0.33333,-0.33333,-0.57143,1,-1,-1,1,-1,1,-1,-1,1,-1,1,-1,-1
1,-1,1,-0.41176,0,-0.72527,-1,-0.5,-0.33333,-1,1,-0.64286,1,-1,-1,1,-1,-1,1,1,-1,-1,1,-1,-1
2,-1,-1,-0.79412,1,-0.59341,-1,0,0.33333,-0.33333,-1,-0.39286,1,-0.33333,1,-1,-1,1,-1,1,-1,1,-1,-1,-1
2,1,-1,-0.76471,0,-0.64835,-1,1,0.33333,1,1,-0.42857,1,-1,-1,1,-1,-1,1,1,-1,-1,-1,-1,-1
2,-1,-1,-0.94118,0,-0.98901,-1,-0.5,-0.33333,-1,-1,-0.71429,1,-1,-1,-1,-1,-1,-1,1,-1,-1,1,-1,-1
2,-1,1,-0.58824,0,-0.51648,-1,-0.5,0.33333,-0.33333,0.33333,-0.53571,1,-1,-1,1,-1,-1,-1,1,-1,-1,1,-1,-1
2,-1,-1,-0.058824,0,-0.62637,-1,0,0.33333,-0.33333,-0.33333,-0.35714,1,-1,1,-1,-1,-1,-1,-1,-1,-1,1,-1,-1
2,-1,-1,-0.67647,0,-0.83516,-1,-0.5,0.33333,0.33333,-1,-0.39286,1,-1,-1,-1,-1,1,-1,1,-1,-1,1,-1,-1
1,-1,-0.33333,-0.76471,0,-0.69231,-1,-0.5,-0.33333,-1,-1,-0.46429,1,-1,-1,-1,-1,-1,-1,1,-1,1,-1,-1,-1
2,-1,-0.33333,-0.76471,0,-0.93407,1,1,0.33333,1,-0.33333,-0.32143,1,-0.33333,-1,-1,-1,-1,-1,1,-1,-1,1,-1,-1
2,-1,1,-0.58824,0,-0.8022,-1,0.5,0.33333,-1,0.33333,-0.46429,0,-0.33333,-1,1,-1,-1,-1,1,-1,-1,1,-1,-1
2,-1,-1,-0.41176,0,-0.7033,-1,0,0.33333,1,1,0.57143,-1,-1,1,1,-1,-1,1,-1,-1,-1,1,-1,-1
1,1,-1,-0.41176,0.5,-0.83516,-1,-0.5,-0.33333,-0.33333,0.33333,-0.64286,1,-1,-1,1,-1,-1,-1,1,-1,1,-1,-1,1
2,-1,1,0.29412,0.5,-0.23077,1,1,0.33333,0.33333,0.33333,-0.53571,-1,-0.33333,1,-1,-1,-1,-1,1,-1,-1,1,-1,-1
2,-1,1,-0.14706,0.5,-0.71429,-1,0,-0.33333,-0.33333,0.33333,-0.75,1,-0.33333,-1,1,-1,-1,-1,1,-1,-1,1,-1,-1
1,-1,1,-0.41176,0.5,-0.50549,-1,0.5,0.33333,0.33333,0.33333,-0.42857,1,-0.33333,-1,1,-1,-1,1,1,-1,-1,1,-1,1
2,1,-0.33333,-0.41176,0,-0.68132,-0.5,-0.5,1,-0.33333,0.33333,-0.89286,1,-1,-1,1,-1,-1,-1,1,-1,1,-1,-1,-1
2,1,-1,-0.94118,0,-0.97802,-1,-0.5,-0.33333,1,-0.33333,-0.85714,1,-1,-1,-1,-1,-1,-1,1,-1,-1,1,-1,-1
1,1,-1,-0.85294,0,-0.94505,-1,0,0.33333,0.33333,0.33333,-0.67857,1,-1,-1,-1,-1,1,-1,1,-1,-1,1,-1,1
1,-1,1,-0.94118,0,-0.89011,1,-1,0.33333,1,-0.33333,-0.39286,1,-1,1,1,-1,-1,-1,1,-1,-1,1,-1,-1
2,1,-0.33333,-0.58824,1,-0.89011,-1,0,1,-0.33333,0.33333,-0.5,1,-1,-1,-1,-1,-1,-1,1,-1,-1,1,-1,-1
2,1,-1,-0.58824,-1,-0.68132,-1,-0.5,-0.33333,1,-0.33333,-0.75,1,-1,-1,-1,-1,-1,-1,1,-1,1,-1,-1,-1
2,-1,1,0.029412,0,-0.73626,0,0,0.33333,1,0.33333,-0.82143,1,-1,-1,-1,-1,-1,1,1,-1,-1,1,-1,-1
2,-1,0.33333,-0.41176,0,-0.45055,-1,0.5,0.33333,-0.33333,0.33333,-0.78571,-1,-1,-1,-1,-1,-1,-1,1,-1,-1,1,-1,-1
1,-1,-0.33333,-0.76471,0,-0.91209,-0.5,0.5,0.33333,1,-1,-0.28571,1,-1,-1,-1,-1,-1,-1,1,-1,-1,1,-1,1
2,-1,-1,-0.67647,1,-0.85714,-1,1,0.33333,1,0.33333,-0.10714,1,-0.33333,1,1,-1,-1,-1,1,-1,-1,1,-1,-1
1,-1,-0.33333,-0.76471,1,-0.62637,-1,0,-0.33333,-1,-1,-0.85714,1,-1,-1,-1,-1,-1,-1,1,-1,-1,1,-1,1
2,-1,-0.33333,-0.41176,0,-0.89011,-1,-0.5,0.33333,-1,-0.33333,-0.75,1,-1,-1,-1,-1,1,-1,1,-1,-1,1,-1,-1
2,-1,-1,-0.23529,0,-0.62637,0.5,1,-0.33333,1,-0.33333,0.35714,1,-0.33333,-1,1,-1,-1,-1,1,-1,1,-1,-1,-1
2,-1,1,-0.67647,0.5,-0.91209,0.5,0.5,-0.33333,-0.33333,-0.33333,-0.60714,1,-0.33333,-1,-1,-1,-1,-1,1,-1,-1,1,-1,-1
2,-1,1,-0.76471,1,-0.89011,0,0,0.33333,1,-1,-0.10714,1,-1,-1,1,-1,1,-1,1,-1,-1,1,-1,-1
1,1,-0.33333,-0.94118,0.5,-0.89011,-1,-1,0.33333,1,-0.33333,0,1,-1,-1,1,-1,1,-1,1,-1,-1,1,-1,-1
2,-1,1,-0.76471,0,-0.68132,-1,0,0.33333,1,0.33333,0.17857,1,-1,-1,1,-1,-1,-1,1,-1,-1,1,-1,-1
2,-1,1,-0.41176,0,-0.6044,-1,1,-0.33333,1,1,0.53571,1,-1,-1,1,-1,1,-1,-1,1,-1,-1,-1,-1
1,-1,1,-0.82353,0,-0.86813,-0.5,0,0.33333,-0.33333,-1,-0.42857,1,-1,-1,-1,1,1,-1,1,-1,1,-1,-1,1
2,-1,1,-0.94118,0,-0.63736,-1,0,0.33333,0.33333,-0.33333,-0.75,1,-1,-1,-1,-1,1,-1,-1,-1,1,-1,-1,-1
2,-1,1,-0.76471,1,-0.81319,-1,1,0.33333,-0.33333,1,-0.75,1,-0.33333,-1,-1,-1,-1,-1,1,-1,-1,1,-1,-1
1,1,-0.33333,-0.32353,-1,-0.10989,-1,1,-0.33333,1,1,-0.17857,1,-0.33333,-1,1,-1,-1,-1,1,-1,-1,-1,-1,-1
2,-1,1,-0.94118,1,-0.89011,-0.5,0,-0.33333,-1,-0.33333,-0.71429,1,-0.33333,-1,-1,-1,-1,-1,1,-1,-1,1,-1,-1
2,-1,-0.33333,-0.94118,0,-0.97802,1,1,0.33333,1,-0.33333,-0.32143,1,-1,-1,-1,-1,-1,-1,1,-1,-1,1,-1,-1
1,-1,-1,-0.76471,1,-0.79121,-1,0,0.33333,-0.33333,-1,-0.28571,1,-0.33333,1,-1,1,1,-1,1,-1,1,-1,-1,1
2,1,-1,-0.41176,0,-0.69231,1,0,1,1,0.33333,-0.96429,1,-1,-1,-1,-1,-1,-1,1,-1,-1,1,-1,-1
1,1,-0.33333,-0.058824,0,-0.032967,-0.5,-0.5,0.33333,-1,1,-0.64286,1,-1,-1,1,-1,-1,-1,-1,1,1,-1,-1,-1
2,-1,1,-0.41176,1,-0.84615,-1,0.5,0.33333,0.33333,-0.33333,-0.25,1,-0.33333,-1,-1,-1,-1,-1,1,-1,-1,1,-1,-1
1,-1,-0.33333,-0.58824,0,-0.87912,-1,1,1,-0.33333,-1,-0.53571,1,-1,-1,-1,-1,-1,-1,-1,-1,-1,1,-1,1
2,-1,0.33333,-0.94118,1,-0.87912,-0.5,1,-1,1,0.33333,-0.67857,1,-0.33333,1,1,-1,1,-1,1,-1,-1,1,-1,-1
2,1,-1,-0.41176,0,-0.68132,-1,-0.5,-0.33333,-1,-0.33333,-0.71429,1,-1,-1,-1,-1,1,-1,1,-1,-1,1,-1,-1
2,-1,-1,-0.058824,0,-0.41758,-1,1,0.33333,1,1,-0.17857,1,-1,1,-1,-1,-1,1,1,-1,-1,-1,-1,-1
2,-1,0.33333,-0.85294,0,-0.9011,-0.5,1,-1,1,-1,0.071429,1,-1,-1,-1,-1,-1,-1,1,-1,-1,1,-1,-1
2,1,-0.33333,-0.41176,1,-0.89011,-0.5,-0.5,0.33333,1,1,-0.32143,-1,-0.33333,1,-1,-1,-1,-1,1,-1,-1,1,-1,-1
2,1,-1,-0.41176,0,-0.89011,-1,-0.5,-0.33333,1,-0.33333,-0.82143,1,-1,-1,-1,-1,1,-1,1,-1,1,-1,-1,-1
1,1,1,-0.82353,0,-0.87912,1,0,0.33333,1,-0.33333,-0.71429,1,-1,-1,-1,-1,1,-1,-1,-1,-1,1,-1,1
2,-1,0.33333,-0.67647,1,-0.75824,0,0,0.33333,-0.33333,0.33333,-0.39286,1,-1,-1,1,-1,-1,1,1,-1,-1,1,-1,-1
1,1,-0.33333,-0.67647,-0.5,-0.27473,-0.5,-1,0.33333,-0.33333,-0.33333,-0.46429,1,-1,1,1,-1,1,-1,1,-1,-1,1,-1,-1
2,-1,1,-0.41176,0,-0.86813,-1,0,1,-0.33333,-0.33333,-0.67857,1,-1,-1,-1,-1,-1,-1,1,-1,-1,1,-1,-1
1,-1,1,0.029412,0,-0.076923,-0.5,1,0.33333,-0.33333,0.33333,-0.071429,1,-1,-1,1,-1,-1,1,1,-1,-1,1,-1,-1
2,1,-1,-0.76471,0,-0.93407,-1,0.5,0.33333,-0.33333,-1,-0.75,1,-1,-1,-1,-1,1,-1,1,-1,-1,1,-1,-1
1,-1,1,-0.058824,0,-0.50549,-1,0,0.33333,-0.33333,1,-0.53571,1,-1,-1,1,-1,-1,1,1,-1,-1,-1,-1,-1
2,-1,0.33333,-0.67647,0,-0.72527,-1,0.5,0.33333,1,-0.33333,-0.75,1,-1,-1,1,-1,-1,-1,1,-1,1,-1,-1,-1
2,-1,-0.33333,-0.76471,0.5,-0.95604,-1,0,1,1,-1,-0.96429,1,-0.33333,-1,-1,-1,-1,-1,-1,1,1,-1,-1,-1
2,-1,1,-0.41176,0,-0.76923,1,-0.5,0.33333,-1,-0.33333,0.25,1,-1,-1,-1,-1,1,-1,1,-1,-1,1,-1,-1
2,-1,-1,-0.94118,1,-0.95604,-1,0.5,-0.33333,0.33333,-0.33333,-0.35714,1,-0.33333,-1,-1,1,1,-1,1,-1,-1,1,-1,-1
1,-1,-1,-0.94118,1,-0.86813,-1,-0.5,0.33333,1,-1,-0.25,1,-1,1,-1,1,1,-1,1,-1,-1,1,-1,1
2,1,1,-0.058824,1,-0.24176,-1,-0.5,-0.33333,1,-0.33333,-0.85714,1,-0.33333,-1,1,-1,-1,-1,1,-1,1,-1,-1,-1
2,-1,-1,-0.94118,0,-0.89011,-0.5,1,0.33333,-0.33333,-0.33333,-0.14286,1,-1,-1,1,-1,1,-1,1,-1,-1,1,-1,-1
2,-1,1,-0.94118,1,-0.94505,1,1,0.33333,1,1,-0.39286,1,-0.33333,-1,-1,-1,-1,-1,1,-1,-1,-1,-1,-1
2,-1,1,-0.41176,1,-0.41758,-1,1,0.33333,1,1,-0.10714,1,-0.33333,-1,-1,-1,-1,-1,1,-1,-1,-1,-1,-1
2,1,-1,-0.58824,0,-0.67033,-1,0,-0.33333,-0.33333,-1,-0.82143,1,-1,-1,-1,-1,-1,-1,1,-1,-1,1,-1,-1
2,1,-1,0.29412,-1,-0.24176,-1,0,0.33333,1,1,0.21429,1,-0.33333,1,-1,-1,-1,-1,1,-1,-1,-1,-1,-1
2,-1,1,-0.41176,0,-0.63736,-0.5,0.5,-0.33333,1,0.33333,-0.85714,1,-1,-1,-1,-1,-1,1,1,-1,-1,1,-1,-1
1,-1,-0.33333,-0.58824,0,-0.9011,-1,0,-0.33333,1,-1,-0.75,1,-1,1,-1,-1,-1,-1,-1,-1,-1,1,-1,1
2,-1,-0.33333,-0.35294,0,-0.14286,-1,-0.5,0.33333,0.33333,0.33333,-0.60714,1,-0.33333,-1,-1,-1,-1,1,1,-1,-1,1,-1,-1
2,-1,1,-0.67647,1,-0.85714,-0.5,0,-0.33333,0.33333,0.33333,-0.57143,1,-1,-1,-1,-1,-1,-1,1,-1,-1,1,-1,-1
1,-1,1,-1,1,-0.85714,-1,0.5,0.33333,-1,-1,-0.17857,1,-0.33333,1,-1,-1,-1,-1,1,-1,-1,1,-1,1
2,1,-1,-0.058824,0,-0.76923,-1,0,-1,1,0.33333,-0.57143,1,-1,-1,-1,-1,-1,-1,1,-1,1,-1,-1,-1
1,-1,-1,-0.94118,0,-0.94505,-1,-0.5,0.33333,1,-1,-0.21429,1,-1,1,1,-1,1,-1,1,-1,-1,1,-1,1
2,-1,-0.33333,-0.058824,0,-0.76923,-1,0.5,0.33333,-1,0.33333,-0.53571,1,-0.33333,1,-1,-1,-1,-1,1,-1,-1,1,-1,-1
2,1,-0.33333,-0.67647,0,-0.73626,-0.5,0,-0.33333,1,0.33333,-0.67857,1,-0.33333,-1,1,-1,1,-1,1,-1,1,-1,-1,-1
2,-1,1,-0.76471,0.5,-0.85714,-1,0,1,1,-1,-0.21429,1,-1,-1,-1,-1,-1,1,1,-1,1,-1,-1,-1
2,-1,1,-0.41176,0,-0.87912,-0.5,0.5,1,0.33333,-0.33333,-0.75,1,-1,-1,1,-1,-1,-1,1,-1,-1,1,-1,-1
2,-1,1,-0.41176,0,-0.68132,1,-0.5,0.33333,-0.33333,0.33333,-0.78571,1,-0.33333,-1,-1,-1,-1,-1,1,-1,-1,1,-1,-1
2,1,0.33333,-0.5,1,-0.76923,-1,-0.5,-1,-1,0.33333,-0.5,1,-1,-1,-1,-1,-1,-1,1,-1,1,-1,-1,-1
1,-1,-1,-0.94118,0,-0.86813,1,-1,-0.33333,0.33333,-0.33333,1,1,-1,-1,1,-1,1,-1,1,-1,-1,1,-1,-1
2,-1,-0.33333,-0.58824,1,-0.62637,-1,1,-0.33333,1,-0.33333,-0.35714,1,-1,-1,1,-1,-1,-1,1,-1,-1,1,-1,-1
1,1,-1,0.29412,0,-0.16484,-1,1,0.33333,1,1,-0.17857,-1,-1,-1,-1,-1,1,-1,1,-1,-1,-1,-1,-1
1,-1,0.33333,-0.58824,0,-0.69231,-1,-0.5,-0.33333,-1,-0.33333,-0.071429,0,-1,-1,-1,-1,-1,-1,1,-1,-1,1,-1,1
2,1,-0.33333,-0.76471,0,-0.85714,-1,-0.5,1,-1,-1,-0.85714,1,-1,-1,-1,-1,-1,-1,1,-1,1,-1,-1,-1
2,-1,1,-0.41176,0.5,-0.8022,-1,1,0.33333,1,1,0.46429,1,-0.33333,-1,1,-1,1,-1,1,-1,-1,-1,-1,-1
2,1,-1,-0.23529,0,-0.31868,1,1,0.33333,1,-0.33333,-0.57143,1,-1,-1,-1,-1,-1,-1,1,-1,-1,1,-1,-1
1,1,0.33333,-0.58824,0,-0.7033,-1,0,0.33333,-1,-1,-0.46429,1,-1,1,-1,-1,-1,-1,1,-1,-1,1,-1,1
1,-1,1,-0.76471,1,-0.87912,-1,1,0.33333,1,-1,0.5,1,-0.33333,-1,-1,-1,1,-1,1,-1,-1,1,-1,1
2,1,-1,-0.41176,0.5,-0.87912,-1,-1,0.33333,-0.33333,-1,-0.14286,1,-0.33333,1,-1,-1,1,-1,1,-1,-1,-1,-1,-1
2,-1,1,-0.41176,1,-0.8022,-1,0,-0.33333,1,0.33333,-0.35714,1,-1,-1,1,-1,1,-1,1,-1,-1,1,-1,-1
2,-1,1,-0.41176,0,-0.84615,-1,0.5,0.33333,-1,0.33333,-0.53571,-1,-1,1,-1,-1,-1,-1,1,-1,-1,1,-1,-1
1,1,-1,-0.76471,-0.5,-0.95604,-1,0,-0.33333,1,-1,-0.82143,-1,-1,-1,-1,-1,-1,-1,1,-1,-1,1,-1,1
2,-1,1,0.29412,1,-0.043956,1,0.5,0.33333,-1,1,-0.42857,1,-0.33333,-1,1,-1,-1,1,1,-1,-1,-1,-1,-1
2,-1,1,-0.76471,1,-0.91209,1,0.5,-0.33333,1,-1,-0.85714,1,-0.33333,-1,-1,-1,-1,-1,1,-1,-1,1,-1,-1
1,-1,1,-0.94118,-0.5,-0.82418,0,1,0.33333,1,-0.33333,-0.071429,-1,-1,1,-1,-1,-1,-1,1,-1,-1,1,-1,1
2,1,-1,0.29412,0,-0.25275,-1,0.5,1,-1,-1,-0.46429,1,-0.33333,-1,1,-1,-1,-1,-1,-1,-1,1,-1,-1
2,-1,-0.33333,-0.76471,1,-0.8022,-0.5,-0.5,0.33333,-1,0.33333,-0.71429,1,-1,-1,-1,-1,1,-1,1,-1,-1,1,-1,-1
1,-1,-0.33333,-0.85294,0,-0.89011,-1,0.5,-0.33333,1,-0.33333,0.71429,1,-0.33333,-1,1,-1,-1,-1,1,-1,-1,1,-1,-1
2,1,-0.33333,-0.76471,0,-0.87912,-1,-0.5,0.33333,-1,0.33333,-0.89286,0,-1,-1,-1,-1,-1,-1,1,-1,-1,1,-1,-1
2,1,-0.33333,-0.58824,-1,-0.76923,-0.5,-0.5,-0.33333,0.33333,0.33333,-0.67857,1,-0.33333,-1,-1,-1,1,-1,1,-1,-1,1,-1,-1
2,1,1,-0.5,-1,-0.47253,1,0,-0.33333,1,-0.33333,-0.64286,-1,-0.33333,-1,1,-1,1,-1,1,-1,-1,1,-1,-1
2,1,-1,-0.41176,-0.5,-0.62637,-1,0.5,0.33333,1,0.33333,-0.71429,-1,-1,-1,-1,-1,-1,-1,1,-1,-1,1,-1,-1
1,1,-0.33333,-0.58824,1,-0.81319,-1,-0.5,0.33333,-0.33333,-1,-0.57143,1,-0.33333,-1,-1,-1,-1,-1,1,-1,-1,1,-1,1
2,-1,-1,-0.41176,0,-0.69231,1,1,0.33333,1,1,0.071429,-1,-1,1,1,-1,-1,1,1,-1,-1,-1,-1,-1
1,1,-1,-0.41176,-0.5,-0.85714,-1,0.5,0.33333,1,0.33333,-0.82143,-1,-1,-1,-1,-1,-1,-1,-1,-1,1,-1,-1,1
2,-1,0.33333,-0.94118,0.5,-0.94505,-1,-0.5,-0.33333,-1,-0.33333,-0.64286,-1,-1,-1,-1,-1,-1,-1,1,-1,-1,1,-1,-1
2,1,-0.33333,-0.058824,0,0.34066,1,0,0.33333,1,1,-0.35714,1,-1,-1,1,-1,1,-1,1,-1,-1,-1,-1,-1
1,-1,-0.33333,-0.41176,0.5,-0.50549,1,0,0.33333,-0.33333,-0.33333,-0.35714,-1,-0.33333,-1,1,-1,-1,-1,1,-1,-1,1,-1,-1
2,-1,-0.33333,-0.41176,0.5,-0.84615,-0.5,0.5,-0.33333,-0.33333,-0.33333,-0.85714,1,-0.33333,-1,1,-1,-1,-1,1,-1,1,-1,-1,-1
2,1,-1,-0.76471,0,-0.86813,-1,0.5,-1,0.33333,0.33333,-0.39286,1,-1,-1,-1,-1,1,-1,1,-1,-1,1,-1,-1
2,-1,1,-0.41176,1,-0.73626,0.5,1,0.33333,-0.33333,0.33333,-0.46429,1,-1,-1,-1,-1,-1,-1,1,-1,-1,1,-1,-1
2,-1,-0.33333,0.29412,0,-0.58242,1,0.5,0.33333,-1,0.33333,-0.21429,1,-0.33333,1,1,-1,-1,-1,1,-1,-1,1,-1,-1
2,1,-1,0.29412,0,-0.27473,-1,0,-0.33333,-0.33333,0.33333,-0.57143,1,-1,-1,1,-1,-1,-1,1,-1,-1,1,-1,-1
1,1,-1,-0.41176,0,-0.67033,-1,-0.5,-0.33333,1,-1,-0.85714,1,-1,-1,1,-1,-1,-1,1,-1,1,-1,-1,1
2,-1,1,-0.23529,1,-0.36264,-1,0.5,0.33333,-0.33333,0.33333,-0.32143,1,-1,-1,-1,-1,-1,-1,-1,1,-1,1,-1,-1
1,-1,1,-0.41176,0,-0.42857,1,-1,-0.33333,1,-0.33333,-0.75,1,-1,-1,1,-1,-1,1,1,-1,1,-1,-1,-1
1,-1,-1,-0.67647,0,-0.93407,-1,0,-0.33333,1,-0.33333,-0.89286,1,-1,-1,-1,-1,-1,-1,1,-1,-1,1,-1,1
1,-1,-0.33333,-0.85294,0,-0.9011,-1,1,0.33333,1,0.33333,-0.71429,1,-0.33333,-1,-1,-1,-1,-1,1,-1,-1,1,-1,1
2,-1,1,-0.67647,1,-0.71429,-1,0.5,-0.33333,0.33333,0.33333,-0.82143,-1,-0.33333,-1,-1,-1,-1,-1,-1,1,-1,1,-1,-1
2,-1,-0.33333,-0.76471,0,-0.7033,-1,0.5,-0.33333,-1,-1,-0.71429,1,-1,-1,-1,-1,-1,-1,1,-1,-1,1,-1,-1
2,-1,1,-0.41176,1,-0.81319,1,0,-0.33333,-0.33333,0.33333,-0.5,1,-0.33333,-1,1,-1,-1,-1,1,-1,-1,1,-1,-1
2,1,-0.33333,-0.058824,1,-0.71429,-1,-0.5,-1,1,0.33333,-0.71429,1,-0.33333,-1,-1,-1,1,-1,1,-1,-1,1,-1,-1
1,-1,1,-0.41176,0,-0.92308,-1,-0.5,1,0.33333,0.33333,-0.71429,1,-0.33333,-1,-1,-1,-1,-1,1,-1,-1,1,-1,1
2,1,-0.33333,-0.58824,1,-0.9011,-1,1,0.33333,0.33333,-1,-0.60714,-1,-0.33333,-1,-1,-1,1,-1,-1,-1,-1,1,-1,-1
1,-1,-0.33333,-0.76471,1,-0.68132,-1,-0.5,0.33333,0.33333,-1,0.071429,-1,-0.33333,1,-1,-1,1,-1,1,-1,-1,1,-1,1
2,-1,1,-0.85294,0,-0.86813,-1,0,-0.33333,-0.33333,-1,-0.75,1,-1,-1,-1,-1,-1,-1,1,-1,1,-1,-1,-1
1,1,-0.33333,-0.058824,0,-0.75824,-1,-0.5,0.33333,-1,1,-0.5,1,-1,-1,-1,-1,-1,-1,1,-1,1,-1,-1,1
1,-1,1,-0.76471,0,-0.79121,1,1,-0.33333,1,1,0.17857,1,-1,-1,1,-1,1,-1,1,-1,-1,-1,-1,-1
2,1,-1,-0.58824,0,-0.8022,-1,0,-0.33333,1,-1,-0.96429,-1,-1,-1,-1,-1,-1,-1,1,-1,1,-1,-1,-1
2,-1,-1,-0.85294,1,-0.71429,-1,0,0.33333,-0.33333,-1,-0.39286,1,-0.33333,1,-1,-1,1,-1,1,-1,1,-1,-1,-1
1,-1,-1,-0.76471,0,-0.87912,-1,0,0.33333,-1,-0.33333,-0.92857,1,-1,-1,-1,-1,-1,-1,-1,-1,-1,1,-1,1
1,1,-1,-0.58824,0,-0.89011,-1,0,1,0.33333,-1,0,1,-1,-1,1,-1,-1,-1,1,-1,-1,1,-1,1
2,1,-1,-0.76471,1,-0.78022,-1,1,0.33333,0.33333,-0.33333,0.46429,1,-0.33333,-1,-1,-1,-1,-1,1,-1,-1,1,-1,-1
1,-1,-1,-0.76471,1,-0.97802,-1,0.5,-0.33333,0.33333,-1,0.39286,1,1,-1,1,-1,-1,-1,1,-1,-1,1,-1,1
2,-1,-0.33333,-0.41176,0.5,-0.8022,1,0,-0.33333,1,0.33333,-0.17857,1,-0.33333,-1,1,-1,1,-1,1,-1,1,-1,-1,-1
1,-1,1,-0.5,0,-0.84615,0.5,1,-0.33333,1,-1,-0.39286,-1,-1,-1,-1,-1,-1,-1,1,-1,-1,1,-1,1
1,1,-0.33333,-0.41176,0,-0.72527,-1,0,-0.33333,1,-0.33333,-0.96429,1,-1,-1,1,-1,1,-1,1,-1,1,-1,-1,1
1,1,-1,-0.41176,-0.5,-0.86813,1,1,0.33333,0.33333,0.33333,-0.25,0,-1,-1,1,-1,-1,-1,1,-1,-1,1,-1,-1
1,1,-0.33333,-0.94118,-0.5,-0.92308,-0.5,-0.5,-0.33333,-1,-0.33333,-0.53571,0,-1,-1,-1,-1,1,-1,1,-1,-1,1,-1,1
2,1,-1,-0.41176,0,-0.86813,-1,0.5,-0.33333,1,0.33333,-0.85714,1,-0.33333,-1,-1,-1,1,-1,1,-1,1,-1,-1,-1
1,1,-0.33333,-0.41176,-1,-0.56044,-1,0,0.33333,1,-1,-0.39286,1,0.33333,-1,1,-1,-1,-1,1,-1,-1,1,-1,1
2,1,1,-0.58824,1,-0.71429,-1,0.5,0.33333,-0.33333,-0.33333,-0.57143,-1,-0.33333,-1,-1,-1,1,-1,1,-1,-1,1,-1,-1
2,-1,1,-0.41176,0.5,-0.59341,-1,0,0.33333,-0.33333,1,-0.53571,1,-1,-1,-1,-1,-1,-1,1,-1,-1,-1,-1,-1
2,-1,-0.33333,-0.91176,0,-0.76923,-1,-0.5,-0.33333,-1,-1,-0.071429,1,-1,-1,-1,-1,-1,-1,-1,-1,-1,1,-1,-1
2,1,-0.33333,-0.85294,0,-0.92308,-1,0,-0.33333,-1,-0.33333,-0.60714,1,-1,-1,-1,-1,-1,-1,1,-1,-1,1,-1,-1
1,1,-0.33333,-0.41176,-0.5,-0.82418,-1,0.5,-0.33333,1,1,-0.46429,-1,-1,-1,-1,-1,-1,-1,1,-1,-1,-1,-1,1
1,1,1,-0.058824,0,-0.65934,-1,0,-0.33333,-0.33333,0.33333,-0.67857,1,-1,-1,1,-1,-1,-1,1,-1,-1,1,-1,-1
2,-1,0.33333,-0.82353,0,-0.87912,-1,-0.5,-0.33333,-0.33333,-0.33333,-0.85714,1,-1,-1,-1,-1,-1,-1,1,-1,-1,1,-1,-1
2,-1,-1,-0.41176,-0.5,-0.71429,0,0,0.33333,1,-1,-0.89286,0,-1,-1,1,-1,-1,-1,1,-1,-1,1,-1,-1
1,-1,1,-0.41176,1,-0.52747,-1,0,0.33333,-0.33333,-1,0.96429,1,-1,-1,1,-1,-1,-1,1,-1,-1,1,-1,-1
2,1,-0.33333,-0.058824,0,-0.72527,-0.5,0,-0.33333,1,1,0.10714,1,-1,-1,-1,-1,-1,-1,-1,1,-1,-1,-1,-1
2,-1,1,-0.58824,0,-0.79121,-1,-0.5,0.33333,-1,-1,-0.5,1,-1,-1,-1,-1,-1,-1,1,-1,-1,1,-1,-1
2,-1,1,-0.67647,0,-0.87912,1,1,0.33333,1,1,-0.071429,-1,-1,1,-1,-1,-1,1,1,-1,-1,-1,-1,-1
2,1,-1,-0.76471,0,-0.94505,-0.5,-1,-0.33333,0.33333,-0.33333,-0.89286,1,-1,-1,-1,-1,-1,-1,1,-1,-1,1,-1,-1
1,1,0.33333,-0.82353,0,-0.89011,-0.5,1,-0.33333,1,1,0.035714,1,-1,1,-1,-1,1,-1,1,-1,-1,-1,-1,1
2,-1,-1,-0.5,0,-0.64835,0.5,-0.5,-0.33333,-0.33333,0.33333,-0.64286,-1,-1,-1,-1,-1,-1,-1,1,-1,-1,1,-1,-1
2,-1,-1,-0.41176,-0.5,-0.62637,-1,0,-0.33333,1,0.33333,-0.89286,-1,-1,-1,-1,1,-1,1,-1,-1,1,-1,-1,-1
2,1,1,-0.58824,0.5,-0.82418,-1,0.5,-0.33333,-1,-1,-0.89286,1,-1,-1,-1,-1,-1,-1,1,-1,-1,1,-1,-1
1,-1,-0.33333,0.29412,-1,0.31868,1,0,0.33333,-0.33333,0.33333,0.035714,-1,-1,-1,1,-1,-1,-1,1,-1,-1,1,-1,-1
1,-1,-0.33333,0.64706,0.5,-0.010989,1,0,0.33333,-0.33333,1,-0.71429,1,-1,-1,-1,-1,-1,-1,1,-1,-1,-1,-1,-1
2,-1,-1,-0.94118,1,-0.61538,-1,0,0.33333,0.33333,-1,-0.35714,1,0.33333,1,-1,-1,1,-1,1,-1,1,-1,-1,-1
2,1,-0.33333,-0.23529,0,-0.64835,-0.5,0,-0.33333,1,0.33333,-0.92857,1,-1,-1,-1,-1,-1,-1,-1,1,1,-1,-1,-1
1,-1,1,-0.76471,0,-0.95604,-1,0,-1,-0.33333,-1,0.071429,1,-1,-1,-1,-1,1,-1,1,-1,-1,1,-1,1
2,-1,-0.33333,-0.5,1,-0.61538,-1,0.5,0.33333,0.33333,-0.33333,-0.71429,1,-0.33333,-1,-1,-1,-1,-1,1,-1,-1,1,-1,-1
2,1,1,-0.58824,1,-0.85714,-1,0,0.33333,-0.33333,-0.33333,-0.53571,-1,-0.33333,-1,-1,-1,1,-1,1,-1,-1,1,-1,-1
2,1,1,0.29412,0,-0.59341,1,0,-1,-0.33333,-1,-0.32143,-1,-1,-1,-1,-1,-1,-1,1,-1,-1,1,-1,-1
2,-1,-1,-0.76471,0,-0.81319,-1,-0.5,-0.33333,-1,0.33333,-0.89286,1,-1,-1,-1,-1,-1,-1,1,-1,1,-1,-1,-1
2,1,-1,-0.58824,0,-0.73626,-1,0,0.33333,1,1,0.64286,1,-0.33333,-1,-1,-1,-1,-1,1,-1,-1,-1,-1,-1
2,-1,1,-0.67647,0,-0.8022,1,1,0.33333,-0.33333,0.33333,-0.42857,1,-1,-1,-1,-1,-1,-1,1,-1,-1,1,-1,-1
2,-1,0.33333,-0.94118,0,-0.79121,-1,0,0.33333,-0.33333,-1,-0.21429,1,-1,-1,1,-1,-1,-1,1,-1,-1,1,-1,-1
2,1,-0.33333,-0.85294,-0.5,-0.86813,-0.5,0.5,0.33333,0.33333,1,-0.64286,1,-1,-1,-1,-1,1,-1,1,-1,-1,1,-1,-1
2,-1,1,0.11765,1,-0.58242,0,0,0.33333,1,-1,-0.39286,1,-0.33333,-1,1,-1,-1,-1,1,-1,-1,1,-1,-1
1,-1,1,-0.85294,0,-0.6044,1,1,0.33333,1,-1,0.60714,1,-1,-1,-1,-1,-1,-1,1,-1,-1,1,-1,1
2,-1,-1,-0.41176,0,-0.61538,-1,0,-0.33333,1,0.33333,-0.67857,1,-1,-1,-1,-1,-1,-1,1,-1,-1,1,-1,-1
2,1,-1,-0.58824,-0.5,-0.84615,-1,0,0.33333,0.33333,0.33333,-0.10714,-1,-1,-1,-1,-1,-1,-1,1,-1,-1,1,-1,-1
2,-1,-0.33333,-0.67647,0,-0.86813,1,-0.5,0.33333,-1,-0.33333,-0.85714,1,-1,-1,-1,-1,-1,-1,1,-1,-1,1,-1,-1
2,1,1,-0.85294,0,-0.8022,-1,-0.5,-0.33333,-0.33333,0.33333,-1,1,-0.33333,-1,-1,-1,-1,-1,-1,1,1,-1,-1,-1
1,1,-0.33333,-0.41176,0,-0.86813,-1,-0.5,-0.33333,1,0.33333,-0.78571,1,-1,-1,1,-1,1,-1,1,-1,-1,1,-1,1
2,-1,1,-0.76471,0,-0.86813,-1,1,0.33333,1,-0.33333,0,-1,0.33333,1,1,-1,-1,-1,1,-1,-1,1,-1,-1
2,-1,1,-0.41176,0,-0.86813,0,0.5,-0.33333,-1,0.33333,-0.67857,1,-1,-1,-1,-1,-1,-1,1,-1,-1,1,-1,-1
2,-1,1,0.64706,0.5,0.7033,-1,0.5,0.33333,1,0.33333,-0.92857,1,-0.33333,-1,1,-1,-1,-1,1,-1,-1,1,-1,-1
2,-1,1,-0.76471,0,-0.85714,-1,-0.5,-0.33333,0.33333,0.33333,-0.46429,1,-1,1,-1,-1,-1,-1,1,-1,-1,1,-1,-1
2,1,-1,0.11765,0.5,-0.53846,-1,0.5,0.33333,-0.33333,-0.33333,-0.75,-1,-0.33333,1,1,-1,-1,-1,1,-1,-1,1,-1,-1
1,1,-1,-0.58824,0,-0.93407,-1,-1,-0.33333,-1,-1,-0.71429,1,-1,-1,-1,-1,-1,-1,1,-1,-1,1,1,-1
1,-1,-0.33333,-0.67647,0,-0.87912,-1,1,0.33333,1,0.33333,-0.32143,1,-0.33333,-1,-1,-1,-1,-1,1,-1,-1,1,-1,1
1,1,1,-0.67647,0,-0.51648,-0.5,0,0.33333,-0.33333,-0.33333,-0.25,1,-1,-1,1,-1,-1,-1,1,-1,-1,1,-1,-1
2,-1,1,-0.41176,1,-0.81319,-1,0.5,1,-0.33333,0.33333,-0.5,1,-0.33333,-1,1,-1,-1,-1,-1,-1,-1,1,-1,-1
1,-1,-1,-0.58824,1,-0.81319,-1,0.5,1,-1,-0.33333,-0.53571,1,-0.33333,-1,1,-1,-1,-1,1,-1,-1,1,-1,-1
2,1,1,-0.058824,0.5,-0.14286,1,-0.5,0.33333,1,0.33333,-0.71429,1,-0.33333,-1,1,-1,-1,-1,1,-1,1,-1,-1,-1
2,-1,-1,-0.23529,-1,-0.51648,-1,0,-1,-0.33333,-1,-0.53571,1,-0.33333,-1,-1,-1,-1,-1,-1,-1,-1,1,-1,-1
2,1,1,-0.76471,0,-0.86813,0,0,-0.33333,-0.33333,-0.33333,-0.75,1,-1,-1,-1,-1,1,-1,1,-1,-1,1,-1,-1
2,1,0.33333,-0.41176,0,-0.92308,-1,0.5,0.33333,0.33333,1,-0.32143,-1,-1,1,-1,-1,1,-1,1,-1,-1,-1,-1,-1
1,1,-1,-0.76471,0,-0.94505,-1,0,0.33333,1,0.33333,-0.25,1,-1,1,-1,-1,-1,-1,1,-1,1,-1,-1,1
1,-1,-1,0.29412,0,-0.1978,-1,0.5,0.33333,-1,1,0.10714,1,-1,-1,1,-1,-1,-1,1,-1,-1,-1,-1,-1
1,1,-0.33333,-0.76471,0,-0.81319,-1,0,0.33333,-0.33333,-0.33333,-0.35714,1,-1,-1,-1,-1,-1,-1,1,-1,-1,1,-1,1
2,1,-1,-0.41176,0,-0.76923,-1,1,0.33333,-1,-1,-0.071429,1,-1,-1,-1,-1,1,-1,-1,1,-1,1,-1,-1
1,1,-0.33333,-0.058824,0.5,-0.13187,-0.5,1,0.33333,1,0.33333,-0.17857,1,1,-1,1,-1,1,-1,1,-1,-1,1,-1,-1
2,-1,1,-0.41176,1,-0.76923,-1,0.5,0.33333,0.33333,0.33333,-0.42857,1,-0.33333,-1,1,-1,-1,1,1,-1,-1,1,-1,-1
2,-1,-1,-0.70588,0,-0.58242,-1,-1,0.33333,1,1,-0.89286,1,-1,-1,-1,-1,1,-1,1,-1,-1,-1,-1,-1
1,1,-0.33333,-0.76471,0,-0.92308,-1,1,0.33333,1,0.33333,-0.21429,-1,-1,1,-1,-1,1,-1,1,-1,-1,1,-1,1
2,-1,1,0.29412,0,0.098901,1,0.5,0.33333,0.33333,0.33333,-0.35714,0,-1,-1,1,-1,-1,-1,1,-1,-1,1,-1,-1
2,-1,-0.33333,-0.23529,-1,-0.56044,-1,0,-0.33333,-1,0.33333,-0.67857,1,-0.33333,-1,-1,-1,-1,-1,1,-1,-1,1,-1,-1
2,-1,-0.33333,-0.58824,1,-0.31868,-1,1,0.33333,-1,1,-0.21429,1,-1,-1,1,-1,-1,-1,1,-1,-1,1,-1,-1
2,-1,0.33333,-0.76471,0,-0.87912,-1,0,1,1,-1,-0.85714,1,-1,-1,-1,-1,-1,-1,1,-1,1,-1,-1,-1
2,1,-1,-0.76471,0,-0.92308,1,0,1,-0.33333,0.33333,-0.85714,1,-1,-1,-1,-1,1,-1,1,-1,-1,1,-1,-1
2,-1,1,-0.5,0,-0.78022,-1,1,0.33333,-0.33333,-1,0.10714,1,-0.33333,-1,-1,-1,-1,-1,1,-1,-1,1,-1,-1
1,-1,-0.33333,-0.94118,0.5,-0.91209,-1,-1,0.33333,-1,-0.33333,-0.42857,0,-0.33333,-1,1,-1,-1,-1,1,-1,-1,1,-1,-1
1,-1,0.33333,-0.94118,1,-0.91209,-1,0,-0.33333,1,-0.33333,0.10714,1,-1,-1,-1,-1,-1,-1,1,-1,-1,1,-1,1
1,-1,1,-0.41176,1,-0.32967,-1,-1,0.33333,-0.33333,1,-0.71429,-1,-0.33333,-1,1,-1,-1,-1,-1,1,-1,1,-1,-1
2,-1,-0.33333,-0.23529,-0.5,-0.63736,0.5,0,0.33333,-0.33333,0.33333,-0.46429,0,-1,1,1,-1,-1,-1,1,-1,-1,1,-1,-1
2,-1,1,0.29412,-0.5,-0.62637,-1,0,-0.33333,-1,-1,-0.71429,0,-1,-1,-1,-1,-1,-1,1,-1,-1,1,-1,-1
2,1,-1,-0.76471,1,-0.49451,-1,1,0.33333,1,-0.33333,-0.14286,1,-0.33333,-1,1,-1,1,-1,-1,1,1,-1,-1,-1
2,-1,0.33333,-0.23529,1,-0.69231,-1,1,0.33333,1,-0.33333,0,1,-1,-1,-1,-1,-1,-1,1,-1,-1,1,-1,-1
1,-1,1,-0.41176,1,-0.57143,-0.5,0,0.33333,0.33333,-0.33333,-0.71429,1,-0.33333,-1,1,-1,-1,-1,1,-1,-1,1,-1,1
2,-1,1,-0.058824,0,-0.3956,-0.5,0.5,0.33333,-0.33333,0.33333,-0.57143,1,-0.33333,-1,1,-1,-1,-1,1,-1,-1,1,-1,-1
1,-1,1,0.64706,0,0.12088,-1,1,0.33333,1,-0.33333,-0.17857,1,-1,-1,1,-1,1,-1,1,-1,-1,1,-1,-1
2,-1,1,-0.94118,1,-0.79121,0,0,1,-0.33333,0.33333,-0.82143,1,-1,-1,-1,-1,1,-1,1,-1,-1,1,-1,-1
1,1,1,-0.5,0.5,-0.73626,0,-0.5,0.33333,-0.33333,-1,-0.21429,-1,-1,1,-1,-1,-1,-1,1,-1,-1,1,-1,1
1,-1,1,-0.23529,1,-0.52747,-1,0.5,-0.33333,1,0.33333,-0.75,1,-1,-1,1,-1,-1,-1,1,-1,1,-1,-1,-1
2,-1,1,-0.41176,1,-0.45055,-1,1,0.33333,1,0.33333,-0.5,1,-1,-1,1,-1,-1,-1,1,-1,-1,1,-1,-1
2,1,-0.33333,1,0,-0.40659,-0.5,0,1,-0.33333,0.33333,-0.82143,1,-1,-1,-1,-1,-1,-1,1,-1,-1,1,-1,-1
1,-1,-1,-0.41176,0,-0.75824,-1,1,0.33333,1,-1,0.60714,-1,-1,-1,-1,-1,-1,-1,1,-1,1,-1,-1,1
2,-1,1,-0.58824,0,-0.85714,-1,-0.5,-0.33333,-1,-1,-0.75,1,-1,-1,-1,-1,-1,-1,1,-1,-1,1,-1,-1
2,-1,1,-0.94118,0,-0.85714,-1,-0.5,-0.33333,-0.33333,1,0.32143,1,-1,-1,-1,-1,-1,-1,1,-1,-1,1,-1,-1
2,-1,1,-0.76471,0,-0.76923,1,0,0.33333,1,1,-0.35714,1,-1,-1,1,-1,-1,-1,1,-1,-1,-1,-1,-1
2,-1,1,-0.67647,0.5,-0.85714,-1,0,1,0.33333,-1,-0.5,-1,-0.33333,-1,-1,-1,-1,-1,1,-1,-1,1,-1,-1
2,-1,1,-0.41176,1,-0.46154,-1,-0.5,1,0.33333,1,0,1,0.33333,-1,1,-1,-1,-1,1,-1,-1,-1,-1,-1
1,-1,-0.33333,-0.058824,0.5,0.065934,-0.5,0.5,0.33333,0.33333,-0.33333,-0.57143,1,-0.33333,1,1,-1,-1,-1,1,-1,-1,1,-1,1
2,-1,1,0.64706,0,-0.30769,1,0,0.33333,1,1,-0.46429,1,-1,1,1,-1,1,-1,1,-1,-1,-1,-1,-1
2,-1,0.33333,-0.82353,1,-0.87912,1,0.5,0.33333,-0.33333,-0.33333,-0.71429,1,-0.33333,-1,1,-1,-1,-1,1,-1,-1,1,-1,-1
2,-1,-0.33333,-0.058824,0.5,-0.7033,-0.5,1,0.33333,0.33333,1,-0.60714,1,-1,-1,-1,-1,1,-1,1,-1,-1,-1,-1,-1
2,-1,1,-0.85294,0,-0.71429,-0.5,1,0.33333,1,0.33333,-0.42857,1,-1,-1,1,-1,-1,-1,-1,1,-1,1,-1,-1
2,-1,-1,-0.76471,0,-0.61538,0.5,0,0.33333,0.33333,-0.33333,-0.57143,1,-1,1,-1,-1,1,-1,1,-1,-1,1,-1,-1
2,-1,-1,-0.67647,1,-0.91209,-1,0,-1,0.33333,-0.33333,-0.78571,1,-0.33333,-1,-1,-1,-1,-1,1,-1,-1,1,-1,-1
1,-1,-0.33333,-0.67647,0,-0.73626,-0.5,0,-0.33333,-0.33333,-1,-0.78571,1,-1,-1,-1,-1,-1,-1,1,-1,-1,1,-1,1
2,-1,-0.33333,-0.41176,0,-0.7033,-0.5,-0.5,0.33333,-1,0.33333,-0.64286,1,-1,-1,-1,-1,-1,-1,1,-1,-1,1,-1,-1
1,-1,-1,-0.94118,1,-0.50549,1,-0.5,0.33333,0.33333,-1,-0.10714,1,-0.33333,1,-1,-1,1,-1,1,-1,-1,1,-1,1
2,-1,1,-0.41176,0,-0.76923,-1,0.5,0.33333,-0.33333,0.33333,-0.67857,1,-1,-1,1,-1,-1,-1,1,-1,-1,1,-1,-1
2,-1,1,-0.94118,0,-0.89011,0,0,0.33333,1,-0.33333,0.10714,1,-1,-1,-1,-1,-1,1,1,-1,1,-1,-1,-1
2,-1,-0.33333,-0.76471,0,-0.9011,-1,0.5,0.33333,0.33333,-1,-0.64286,1,-0.33333,-1,-1,1,-1,-1,-1,-1,-1,1,-1,-1
1,-1,1,-0.76471,1,-0.92308,-1,-1,-0.33333,-0.33333,-0.33333,-0.32143,1,-1,-1,-1,-1,1,-1,1,-1,-1,1,1,-1
2,-1,1,-0.58824,1,-0.82418,-1,0,0.33333,-0.33333,0.33333,-0.82143,1,-0.33333,-1,-1,-1,-1,-1,1,-1,-1,1,-1,-1
1,-1,0.33333,-0.67647,0,-0.81319,-1,1,0.33333,1,0.33333,-0.25,1,-1,-1,1,-1,-1,-1,1,-1,1,-1,-1,-1
1,1,1,-0.76471,0,-0.9011,0,0,-0.33333,1,0.33333,-0.64286,1,-1,-1,-1,-1,-1,-1,1,-1,1,-1,-1,1
2,1,-1,0.29412,1,-0.32967,-1,1,0.33333,1,1,-0.035714,1,-0.33333,-1,1,-1,-1,1,1,-1,-1,-1,-1,-1
2,-1,0.33333,-0.41176,0,-0.86813,-0.5,1,-0.33333,-0.33333,1,0,1,-1,-1,1,-1,-1,-1,1,-1,-1,-1,-1,-1
2,-1,-0.33333,-0.23529,0.5,-0.74725,-0.5,1,0.33333,-0.33333,-0.33333,-0.21429,0,-0.33333,-1,-1,-1,-1,-1,1,-1,-1,1,-1,-1
2,-1,-0.33333,-0.32353,0,-0.74725,-1,-0.5,-0.33333,-1,-0.33333,-0.53571,1,-1,1,1,-1,-1,-1,1,-1,-1,1,-1,-1
2,-1,1,-0.67647,0,-0.43956,0,1,-0.33333,1,1,-0.42857,1,-1,-1,-1,-1,1,-1,1,-1,-1,-1,-1,-1
2,1,-0.33333,0.29412,0,-0.2967,-0.5,0.5,0.33333,-0.33333,-0.33333,-0.82143,1,-1,-1,-1,-1,1,-1,1,-1,-1,1,-1,-1
2,1,-0.33333,-0.76471,-1,-0.69231,-1,-0.5,-0.33333,0.33333,-0.33333,-0.78571,1,-0.33333,-1,-1,-1,-1,-1,1,-1,1,-1,-1,-1
2,-1,-0.33333,-0.85294,0,-0.89011,-1,1,-0.33333,1,-1,-0.78571,1,-1,-1,-1,-1,-1,-1,1,-1,-1,1,-1,-1
1,-1,-0.33333,-0.85294,0,-0.79121,-1,0,0.33333,-0.33333,-1,-0.35714,1,-1,1,-1,-1,-1,-1,1,-1,-1,1,-1,1
1,-1,1,-0.58824,1,-0.95604,0,1,0.33333,0.33333,-0.33333,-0.53571,-1,-0.33333,-1,1,-1,-1,-1,1,-1,-1,1,-1,-1
2,1,-1,-0.94118,-0.5,-0.89011,-1,1,-0.33333,1,1,-0.42857,1,-1,-1,-1,-1,-1,-1,1,-1,-1,-1,-1,-1
1,-1,1,-0.5,0,-0.74725,1,1,0.33333,1,-1,-0.035714,1,-1,-1,1,-1,-1,1,1,-1,-1,1,-1,-1
1,-1,-1,-0.85294,1,-0.9011,-1,0,0.33333,1,-1,-0.78571,1,-0.33333,-1,-1,-1,-1,-1,1,-1,-1,1,-1,1
1,1,-0.33333,0.64706,0,0.51648,-1,0.5,0.33333,-0.33333,1,-0.71429,1,-1,-1,1,-1,1,-1,1,-1,-1,1,-1,-1
2,-1,1,-0.23529,1,-0.18681,1,1,0.33333,1,0.33333,0.57143,1,-0.33333,-1,-1,-1,-1,1,1,-1,-1,1,-1,-1
2,-1,1,-0.23529,1,-0.68132,1,1,0.33333,-0.33333,0.33333,-0.25,1,-0.33333,1,1,-1,-1,-1,1,-1,-1,1,-1,-1
1,-1,1,-0.58824,0,-0.85714,-1,0,0.33333,-0.33333,1,-0.53571,1,-1,-1,1,-1,-1,-1,1,-1,-1,-1,-1,-1
2,-1,0.33333,-0.41176,1,-0.68132,1,0,0.33333,-0.33333,0.33333,-0.57143,1,-0.33333,-1,1,-1,-1,-1,1,-1,-1,1,-1,-1
2,-1,-0.33333,-0.52941,-1,-0.35165,-0.5,1,1,1,0.33333,-0.57143,-1,-0.33333,-1,1,-1,-1,1,1,-1,-1,1,-1,-1
1,1,0.33333,-0.85294,-1,-0.87912,-1,-0.5,0.33333,-0.33333,0.33333,-0.46429,1,-0.33333,-1,1,-1,-1,-1,1,-1,-1,1,-1,-1
2,1,-0.33333,-0.94118,-0.5,-0.97802,0.5,-0.5,-0.33333,-0.33333,-0.33333,-0.82143,-1,-1,1,-1,-1,-1,-1,1,-1,1,-1,-1,-1
1,1,-1,-0.76471,0,-0.89011,-1,0,-0.33333,-0.33333,-1,-0.82143,1,-1,-1,-1,-1,1,-1,1,-1,-1,1,-1,1
1,-1,-0.33333,-0.85294,0,-0.93407,0,0,-0.33333,0.33333,-1,0.67857,1,-1,-1,-1,-1,-1,-1,1,-1,-1,1,-1,1
2,1,1,-0.32353,0,-0.73626,-1,0,-0.33333,0.33333,-1,-0.92857,1,-1,-1,-1,-1,1,-1,1,-1,1,-1,-1,-1
1,-1,1,-0.94118,1,-1,0.5,0,-0.33333,-0.33333,-1,-0.21429,-1,-0.33333,-1,-1,-1,1,-1,1,-1,-1,1,-1,1
1,-1,1,-0.67647,1,-0.87912,0,0,1,-0.33333,-0.33333,0,1,-0.33333,-1,-1,-1,-1,-1,1,-1,-1,1,-1,1
2,1,-1,-0.58824,0,-0.81319,-1,0,-0.33333,1,0.33333,-0.78571,-1,-0.33333,-1,-1,-1,-1,-1,1,-1,1,-1,-1,-1
2,1,-0.33333,0.29412,-0.5,-0.31868,-1,1,-0.33333,0.33333,1,0.42857,1,-1,-1,-1,-1,-1,-1,1,-1,1,-1,-1,-1
2,-1,0.33333,-0.41176,1,-0.87912,0.5,0,-1,1,-1,-0.39286,1,-0.33333,-1,1,-1,-1,-1,1,-1,-1,1,-1,-1
2,-1,-0.33333,-0.41176,0.5,-0.31868,-1,-0.5,0.33333,-0.33333,0.33333,-0.5,1,-1,-1,-1,-1,-1,-1,1,-1,-1,1,-1,-1
1,1,-1,-0.41176,0,-0.8022,-1,0,0.33333,1,-1,-0.92857,1,-1,1,-1,-1,-1,-1,1,-1,1,-1,-1,1
1,-1,-0.33333,-0.88235,0,-0.93407,-1,0.5,-0.33333,-0.33333,-1,-0.10714,1,-1,-1,-1,-1,-1,-1,-1,-1,-1,1,-1,1
2,-1,1,-0.41176,0,-0.73626,0.5,0,-0.33333,1,0.33333,-0.67857,1,-1,-1,1,-1,-1,1,1,-1,1,-1,-1,-1
2,-1,1,-1,1,-0.64835,-1,0.5,-0.33333,-1,-1,-0.35714,1,-1,1,-1,-1,1,-1,1,-1,-1,1,-1,-1
1,-1,-0.33333,-0.058824,-0.5,-0.58242,1,-0.5,-0.33333,-0.33333,1,-0.64286,-1,-1,-1,-1,-1,-1,-1,1,-1,-1,1,1,-1
1,1,-0.33333,-0.41176,0,0.25275,-1,0,-0.33333,1,0.33333,-0.85714,1,-0.33333,-1,-1,-1,-1,1,1,-1,1,-1,-1,-1
1,-1,-1,-0.58824,0,-0.53846,-0.5,0,0.33333,1,0.33333,-0.42857,1,-1,1,1,-1,1,-1,1,-1,-1,1,-1,1
1,-1,1,-0.94118,1,-0.27473,-1,0.5,0.33333,0.33333,1,-0.071429,1,-0.33333,1,1,-1,1,-1,1,-1,-1,1,-1,-1
1,1,-0.33333,-0.23529,-1,-0.54945,-0.5,0,-0.33333,1,0.33333,-0.75,1,-0.33333,-1,-1,-1,-1,-1,1,-1,1,-1,-1,1
2,-1,-1,-0.41176,-0.5,-0.76923,-0.5,0.5,0.33333,0.33333,0.33333,-0.53571,-1,-1,-1,-1,-1,1,-1,1,-1,-1,1,-1,-1
1,-1,-0.33333,-0.82353,-0.5,-0.91209,-1,0,0.33333,1,-1,-0.85714,0,-1,-1,-1,-1,-1,-1,1,-1,-1,1,-1,1
2,-1,1,-0.5,0,-0.67033,1,1,0.33333,0.33333,-0.33333,-0.21429,1,-1,-1,1,-1,-1,-1,1,-1,-1,1,-1,-1
2,-1,-1,-0.41176,-0.5,-0.74725,0,0,0.33333,1,-1,-0.89286,0,-1,-1,1,-1,-1,-1,1,-1,-1,1,-1,-1
1,-1,-1,0.029412,1,0.53846,1,0.5,0.33333,1,-0.33333,-0.60714,1,-0.33333,-1,1,-1,-1,-1,1,-1,-1,1,-1,-1
1,-1,-1,-0.73529,1,-0.82418,-1,-0.5,0.33333,-1,-0.33333,-0.67857,-1,-0.33333,-1,-1,-1,-1,-1,1,-1,-1,1,-1,1
2,-1,-1,-0.67647,0,-0.74725,-1,-1,-0.33333,1,0.33333,-0.85714,1,-1,-1,-1,-1,1,-1,1,-1,1,-1,-1,-1
1,1,-1,-0.76471,0,-0.87912,-1,-0.5,-0.33333,-1,-1,-0.35714,1,-1,-1,-1,-1,1,-1,1,-1,-1,1,-1,1
2,-1,1,-0.5,0,-0.45055,1,0,0.33333,0.33333,0.33333,-0.75,1,-1,-1,-1,-1,-1,1,1,-1,-1,1,-1,-1
2,-1,1,-0.67647,0,-0.69231,-1,0.5,0.33333,-0.33333,0.33333,-0.5,1,-1,-1,-1,-1,-1,1,1,-1,-1,1,-1,-1
2,-1,-1,-0.94118,0,-0.97802,-1,1,-0.33333,-1,-0.33333,0.071429,-1,-1,-1,1,-1,-1,-1,1,-1,-1,1,-1,-1
1,1,-1,-0.58824,0,-0.91209,-1,-0.5,-0.33333,-0.33333,0.33333,-0.85714,1,-1,-1,-1,-1,1,-1,1,-1,-1,1,-1,1
1,-1,-0.33333,-0.76471,0,-0.93407,-0.5,0.5,-0.33333,1,-1,-0.85714,1,-1,-1,-1,-1,-1,-1,1,-1,1,-1,-1,1
2,-1,1,-0.23529,1,-0.38462,-1,0.5,-0.33333,-0.33333,0.33333,-0.78571,1,-0.33333,-1,-1,-1,-1,-1,1,-1,-1,1,-1,-1
2,1,1,-0.76471,0.5,-0.84615,0.5,1,0.33333,1,1,0.28571,1,-0.33333,1,-1,-1,-1,-1,1,-1,-1,-1,-1,-1
2,1,-1,-0.41176,0,-0.87912,1,0.5,-0.33333,1,1,-0.53571,1,-1,-1,-1,-1,1,-1,1,-1,1,-1,-1,-1
1,-1,0.33333,-0.94118,1,-0.87912,-1,0,0.33333,-1,-1,0.96429,1,0.33333,1,-1,1,1,-1,1,-1,-1,1,1,-1
2,1,0.33333,-0.67647,1,-0.87912,1,0,0.33333,1,1,-0.28571,1,-0.33333,-1,1,-1,-1,-1,1,-1,-1,-1,-1,-1
2,-1,1,-0.41176,0,-0.86813,-1,0,0.33333,-0.33333,-1,-0.57143,1,-1,-1,1,-1,1,-1,-1,-1,-1,1,-1,-1
2,1,-1,-0.76471,1,-0.94505,-1,1,0.33333,0.33333,-0.33333,-0.42857,1,-0.33333,-1,-1,-1,1,-1,1,-1,-1,1,-1,-1
2,-1,1,-0.67647,1,-0.47253,1,1,-0.33333,1,0.33333,0.42857,1,-1,-1,1,-1,1,-1,1,-1,-1,1,-1,-1
2,1,-1,-0.58824,1,-0.79121,-1,0,-0.33333,1,-1,-0.82143,1,-0.33333,-1,-1,-1,-1,-1,1,-1,1,-1,-1,-1
1,-1,-1,-0.76471,0,-0.78022,-1,0,0.33333,0.33333,-0.33333,-0.82143,1,-1,-1,-1,-1,-1,-1,1,-1,-1,1,-1,1
1,1,1,-0.5,1,0.37363,1,1,0.33333,1,1,-0.60714,1,-1,-1,1,-1,1,-1,1,-1,-1,-1,-1,-1
2,-1,1,-0.41176,1,-0.74725,-0.5,0.5,1,0.33333,-0.33333,-0.71429,1,-0.33333,-1,1,-1,1,-1,1,-1,-1,1,-1,-1
1,-1,-0.33333,-0.76471,0,-0.89011,-1,1,1,0.33333,-1,-0.25,-1,-0.33333,-1,-1,-1,-1,-1,-1,-1,-1,1,-1,1
1,1,-1,-0.23529,0,-0.68132,-1,-0.5,-1,1,-0.33333,-0.57143,1,-1,-1,-1,-1,-1,-1,1,-1,-1,1,-1,1
2,-1,1,-0.82353,0,-0.7033,1,-0.5,-0.33333,1,-1,-0.57143,1,-1,-1,-1,-1,-1,1,1,-1,1,-1,-1,-1
2,-1,-0.33333,-0.76471,1,-0.62637,-1,1,0.33333,1,0.33333,-0.67857,1,0.33333,-1,1,-1,-1,-1,1,-1,1,-1,-1,-1
1,-1,1,-0.76471,1,-0.83516,-1,1,0.33333,1,-1,0.57143,1,-0.33333,-1,1,-1,-1,-1,1,-1,-1,1,-1,1
2,-1,-1,-0.41176,0,-0.71429,1,1,-0.33333,1,-1,-0.75,1,-1,-1,-1,-1,-1,1,1,-1,1,-1,-1,-1
1,1,-1,-0.058824,1,-0.13187,-1,0,-0.33333,-0.33333,1,-0.78571,1,-0.33333,-1,1,-1,-1,-1,1,-1,-1,1,-1,-1
1,-1,1,-0.5,1,-0.65934,-1,1,0.33333,1,0.33333,-0.39286,1,-1,-1,1,-1,-1,1,1,-1,-1,1,-1,-1
2,-1,1,-0.41176,1,-0.78022,-0.5,1,0.33333,1,-0.33333,0.17857,-1,-0.33333,-1,-1,-1,-1,-1,1,-1,-1,1,-1,-1
1,-1,0.33333,-0.76471,1,-0.85714,0,-1,0.33333,1,1,0.67857,-1,0.33333,-1,-1,-1,1,-1,1,-1,-1,-1,1,-1
2,1,-1,-0.41176,0,-0.86813,1,0,-0.33333,1,-1,-0.78571,1,-1,-1,-1,-1,1,-1,1,-1,1,-1,-1,-1
2,-1,1,-0.058824,1,-0.63736,-1,0.5,0.33333,1,0.33333,-0.35714,1,-0.33333,-1,1,-1,1,-1,1,-1,-1,1,-1,-1
2,-1,-1,-0.58824,0,-0.63736,-1,0.5,-0.33333,-1,-1,-0.78571,1,-1,-1,-1,-1,-1,-1,-1,-1,-1,1,-1,-1
1,-1,1,-0.058824,1,-0.3956,0.5,1,0.33333,-0.33333,0.33333,-0.32143,1,-0.33333,-1,1,-1,-1,1,1,-1,-1,1,-1,-1
2,-1,-0.33333,-0.58824,0,-0.59341,-1,-1,-0.33333,1,0.33333,0.71429,1,-1,-1,1,-1,-1,-1,1,-1,-1,1,-1,-1
2,1,-0.33333,0.029412,1,-0.48352,-1,0.5,0.33333,-0.33333,-1,-0.78571,1,-0.33333,-1,-1,-1,-1,-1,-1,-1,-1,1,-1,-1
2,-1,1,-0.41176,1,-0.81319,0.5,1,0.33333,1,-1,0.46429,1,-1,-1,1,-1,1,-1,1,-1,-1,1,-1,-1
1,-1,-0.33333,-0.76471,-1,-0.86813,-1,0,0.33333,-0.33333,-1,-0.57143,1,-1,-1,1,-1,-1,-1,1,-1,-1,1,-1,1
1,1,-0.33333,-0.76471,0,-0.93407,-0.5,-0.5,-0.33333,-0.33333,-0.33333,-0.85714,-1,-1,-1,-1,-1,1,-1,1,-1,-1,1,-1,1
1,-1,-0.33333,-0.52941,0,-0.30769,1,-1,-1,1,-1,0.46429,1,-1,-1,1,-1,-1,1,1,-1,-1,1,-1,-1
1,-1,-0.33333,-0.58824,0,-0.81319,0.5,0,0.33333,-0.33333,-0.33333,-0.42857,1,-1,-1,1,-1,-1,-1,1,-1,-1,1,-1,1
2,-1,1,-0.47059,0,-0.72527,0,1,0.33333,1,0.33333,-0.25,1,-1,-1,-1,-1,-1,-1,1,-1,-1,1,-1,-1
2,-1,1,0.29412,1,-0.71429,1,1,0.33333,0.33333,0.33333,-0.32143,1,-0.33333,1,1,-1,-1,1,1,-1,-1,1,-1,-1
2,1,-0.33333,0.29412,0.5,-0.34066,-1,1,0.33333,1,1,0.10714,1,-1,-1,-1,-1,-1,-1,1,-1,-1,-1,-1,-1
2,1,-1,0.058824,1,-0.36264,-1,0,0.33333,0.33333,1,-0.71429,-1,-1,-1,1,-1,-1,-1,1,-1,-1,1,-1,-1
2,1,-0.33333,-0.5,0,-0.89011,-1,1,-0.33333,1,-0.33333,-0.28571,1,-1,1,-1,-1,-1,-1,1,-1,-1,1,-1,-1
1,-1,1,-0.41176,0,-0.32967,1,1,0.33333,1,0.33333,-0.21429,1,-1,1,1,-1,-1,1,1,-1,-1,1,-1,-1
2,-1,1,-0.94118,1,-0.89011,1,0,1,-0.33333,-0.33333,-0.71429,1,-0.33333,-1,-1,-1,-1,-1,1,-1,-1,1,-1,-1
2,-1,0.33333,-0.41176,0,-0.7033,-1,1,-1,1,1,0.14286,1,-1,-1,-1,-1,-1,-1,1,-1,-1,-1,-1,-1
2,-1,1,-0.41176,0,-0.68132,0,1,0.33333,0.33333,1,-0.53571,1,-1,-1,1,-1,-1,-1,1,-1,1,-1,-1,-1
2,-1,1,-0.85294,0,-0.76923,-0.5,-0.5,-0.33333,1,-0.33333,-0.89286,1,-1,-1,-1,-1,-1,-1,1,-1,1,-1,-1,-1
2,1,-1,-0.58824,0,-0.1978,1,1,0.33333,1,-0.33333,0.14286,1,-1,1,1,-1,-1,1,1,-1,-1,-1,-1,-1
1,-1,1,-0.76471,1,-0.87912,-1,-0.5,-0.33333,1,-0.33333,-0.89286,1,-0.33333,-1,-1,-1,-1,-1,1,-1,1,-1,-1,1
2,-1,1,-0.41176,0.5,-0.94505,1,1,1,1,0.33333,0.25,1,-0.33333,-1,1,-1,1,-1,1,-1,-1,1,-1,-1
1,-1,-0.33333,-0.85294,0,-0.85714,1,-0.5,0.33333,-0.33333,-1,-0.42857,1,-1,-1,-1,-1,1,-1,1,-1,-1,1,1,-1
2,-1,1,-0.41176,1,-0.84615,-1,1,0.33333,1,1,0.25,1,-0.33333,1,-1,-1,-1,-1,1,-1,-1,-1,-1,-1
1,-1,-0.33333,-0.58824,1,-0.82418,-1,1,-0.33333,1,-1,0.035714,-1,-0.33333,-1,1,-1,-1,-1,-1,-1,1,-1,-1,1
2,-1,-1,-0.52941,1,-0.54945,-1,1,-0.33333,1,-0.33333,-0.82143,1,-0.33333,-1,-1,-1,-1,-1,1,-1,-1,1,-1,-1
2,-1,1,-0.76471,1,-0.91209,1,1,0.33333,1,0.33333,-0.42857,1,-0.33333,-1,-1,-1,-1,-1,1,-1,-1,1,-1,-1
1,-1,-0.33333,-0.76471,0,-0.1978,1,-1,-0.33333,-0.33333,-1,-0.82143,1,-1,-1,-1,-1,1,-1,1,-1,1,-1,1,-1
2,1,-1,-0.058824,0,0,-1,0.5,0.33333,-1,0.33333,-0.82143,1,-1,-1,1,-1,1,-1,1,-1,-1,1,-1,-1
1,-1,-0.33333,-0.94118,0,-0.95604,-1,-0.5,1,0.33333,-1,-0.75,1,-1,-1,-1,1,-1,-1,1,-1,-1,1,-1,1
2,-1,1,-0.76471,1,-0.92308,1,1,0.33333,1,-1,0.64286,1,1,-1,-1,-1,-1,-1,1,-1,-1,1,-1,-1
1,-1,-0.33333,0.11765,-0.5,0,-1,-1,0.33333,-0.33333,1,0.28571,-1,-1,-1,1,-1,-1,1,1,-1,-1,-1,-1,-1
1,1,-0.33333,-0.67647,-1,-0.82418,-1,-0.5,-0.33333,-1,-1,-0.75,1,-0.33333,-1,-1,-1,1,-1,1,-1,1,-1,1,-1
2,-1,-0.33333,-0.88235,0,-0.92308,-1,-0.5,1,-0.33333,-1,-0.75,1,-1,-1,1,-1,-1,-1,1,-1,-1,1,-1,-1
1,-1,-0.33333,-0.94118,0,-0.96703,-1,0.5,1,0.33333,-1,-0.67857,-1,-1,-1,-1,-1,-1,-1,-1,-1,-1,1,-1,1
2,1,-1,-0.058824,1,0.032967,-1,0.5,0.33333,1,0.33333,-0.82143,1,-0.33333,-1,1,-1,-1,1,1,-1,-1,1,-1,-1
2,1,-1,0.29412,0,-0.68132,-1,0,0.33333,1,0.33333,0.25,1,-1,-1,-1,-1,-1,-1,1,-1,-1,1,-1,-1
2,1,-1,0.29412,0,-0.59341,-1,0.5,0.33333,1,1,-0.035714,1,-1,1,-1,-1,1,-1,1,-1,-1,-1,-1,-1
2,-1,-0.33333,-0.058824,0.5,-0.20879,-1,0,-0.33333,-0.33333,-0.33333,0.25,1,-1,-1,-1,-1,1,-1,1,-1,1,-1,-1,-1
2,-1,1,-0.94118,0,-0.87912,0,0,-1,1,-1,0.53571,1,-1,-1,-1,-1,-1,-1,1,-1,-1,1,-1,-1
2,-1,1,-0.94118,1,-0.84615,-1,0.5,-0.33333,-0.33333,0.33333,-0.82143,1,-0.33333,-1,1,-1,-1,-1,1,-1,1,-1,-1,-1
1,-1,-1,-0.058824,0,0.72527,-1,-1,-1,0.33333,0.33333,-0.14286,1,-1,-1,-1,-1,-1,-1,-1,1,-1,1,-1,-1
2,1,-1,-0.58824,0,-0.87912,-1,0,1,0.33333,-1,-0.75,-1,-1,-1,-1,-1,-1,-1,1,-1,-1,1,-1,-1
2,-1,1,-0.76471,0,-0.9011,-1,0,1,-0.33333,-1,-0.71429,1,-0.33333,-1,1,-1,1,-1,1,-1,-1,1,-1,-1
2,-1,0.33333,-0.76471,0,-0.69231,-1,0,1,-1,0.33333,-0.82143,1,-1,-1,-1,-1,-1,-1,1,-1,-1,1,-1,-1
2,1,-1,-0.058824,0,-0.72527,-1,1,0.33333,-0.33333,-0.33333,-0.21429,-1,-1,1,-1,-1,-1,-1,1,-1,-1,1,-1,-1
1,-1,-1,-0.88235,1,-0.94505,-1,1,0.33333,1,-1,0,1,-0.33333,-1,-1,-1,1,-1,1,-1,-1,1,-1,1
1,-1,1,-0.58824,1,-0.6044,-1,-0.5,-1,-0.33333,0.33333,-0.42857,1,-0.33333,-1,1,-1,-1,-1,1,-1,-1,1,-1,-1
2,-1,-1,-0.5,1,-0.84615,-1,1,1,0.33333,0.33333,-0.60714,1,-0.33333,-1,1,-1,1,-1,1,-1,-1,1,-1,-1
2,1,-1,-0.58824,1,-0.58242,-1,1,-0.33333,1,-1,-0.5,-1,0.33333,-1,1,-1,1,-1,1,-1,1,-1,-1,-1
2,1,1,-0.58824,-1,-0.56044,-1,0,0.33333,-0.33333,0.33333,-0.39286,0,-0.33333,1,-1,-1,-1,-1,1,-1,-1,1,-1,-1
2,1,-1,-0.058824,0,-0.10989,1,1,0.33333,1,1,0,1,-1,-1,-1,-1,-1,1,1,-1,-1,-1,-1,-1
2,-1,-0.33333,0.29412,0.5,-0.28571,1,0,0.33333,1,1,-0.32143,1,-1,1,1,-1,-1,-1,1,-1,-1,-1,-1,-1
2,-1,1,-0.41176,0.5,-0.75824,0,0,0.33333,-0.33333,0.33333,-0.10714,1,-0.33333,1,1,-1,-1,-1,1,-1,-1,1,-1,-1
2,1,-1,-0.58824,0,-0.89011,-1,-0.5,-0.33333,0.33333,0.33333,-0.85714,1,-1,-1,1,-1,1,-1,1,-1,1,-1,-1,-1
2,1,-1,0.20588,-1,0.27473,-1,1,0.33333,1,0.33333,-0.64286,1,-0.33333,-1,-1,-1,-1,-1,1,-1,1,-1,-1,-1
2,-1,-0.33333,-0.41176,0,-0.46154,1,1,-0.33333,1,0.33333,-0.17857,1,-1,-1,1,-1,-1,-1,1,-1,-1,1,-1,-1
1,1,0.33333,-0.67647,0,-0.76923,-1,-0.5,-0.33333,0.33333,-1,-0.78571,1,-1,-1,-1,-1,-1,-1,1,-1,-1,1,-1,1
2,1,-1,-0.76471,-1,-0.9011,-1,0,0.33333,1,0.33333,0.035714,-1,-0.33333,-1,-1,-1,1,-1,1,-1,-1,1,-1,-1
2,-1,1,-0.76471,0,-0.92308,1,0,-0.33333,-0.33333,0.33333,-0.92857,1,-1,-1,-1,-1,-1,-1,1,-1,-1,1,-1,-1
1,-1,1,-1,0,-0.95604,-1,-0.5,-0.33333,0.33333,-1,-0.85714,1,-1,1,-1,-1,-1,-1,1,-1,1,-1,-1,1
2,-1,-1,-0.41176,1,-0.69231,-1,1,0.33333,1,-0.33333,0.57143,1,-0.33333,-1,1,-1,-1,1,1,-1,-1,1,-1,-1
2,-1,1,-0.41176,1,-0.73626,-1,1,1,0.33333,-1,-0.035714,1,-0.33333,-1,-1,-1,-1,-1,-1,1,-1,1,-1,-1
2,1,-1,-0.058824,0,-0.45055,-1,0.5,0.33333,-0.33333,-0.33333,-0.64286,1,-1,-1,-1,-1,-1,-1,1,-1,-1,1,-1,-1
1,-1,1,-0.5,0.5,-0.69231,-1,0,0.33333,-0.33333,-1,-0.67857,0,-0.33333,-1,-1,-1,-1,1,1,-1,-1,1,-1,1
2,1,1,-0.58824,0,-0.81319,-1,-0.5,-0.33333,1,-1,-0.85714,1,-1,-1,-1,-1,-1,-1,1,-1,-1,1,-1,-1
2,-1,1,-0.41176,-0.5,-0.84615,-1,0.5,0.33333,1,0.33333,0.10714,-1,-1,-1,1,-1,-1,-1,1,-1,-1,1,-1,-1
2,-1,1,-0.58824,0,-0.64835,-1,1,0.33333,1,-0.33333,0,-1,0.33333,1,1,-1,-1,-1,1,-1,-1,1,-1,-1
2,-1,-0.33333,-0.5,0,-0.58242,1,0.5,0.33333,0.33333,0.33333,-0.42857,1,-1,-1,1,-1,-1,-1,1,-1,-1,1,-1,-1
2,1,1,-0.58824,0,-0.27473,1,0,0.33333,1,0.33333,0.75,1,-0.33333,-1,-1,-1,1,-1,1,-1,1,-1,-1,-1
2,-1,1,-0.41176,0,-0.89011,-1,-0.5,1,-0.33333,-1,-0.67857,1,-1,-1,-1,-1,1,-1,1,-1,-1,1,-1,-1
2,-1,-1,-0.85294,0,-0.86813,-1,0.5,0.33333,1,-1,0.42857,1,-1,-1,-1,-1,-1,-1,1,-1,-1,1,-1,-1
1,1,-1,-0.76471,0,-0.94505,-1,1,0.33333,1,-1,0.35714,0,-1,-1,-1,-1,-1,-1,1,-1,-1,1,-1,1
2,1,-1,-0.52941,1,-0.78022,-1,0,1,-0.33333,-0.33333,-0.5,-1,-0.33333,-1,-1,1,1,-1,-1,-1,1,-1,-1,-1
2,-1,1,-0.41176,1,-0.58242,1,0.5,0.33333,1,-0.33333,-0.14286,1,-0.33333,-1,1,-1,-1,1,1,-1,-1,1,-1,-1
2,-1,1,-0.67647,1,-0.85714,-1,0,0.33333,1,1,-0.42857,1,-0.33333,-1,1,-1,-1,-1,1,-1,-1,-1,-1,-1
1,1,-1,-0.58824,-0.5,-0.86813,-1,0.5,0.33333,1,1,-0.53571,1,-0.33333,1,-1,-1,1,-1,1,-1,-1,-1,-1,1
2,-1,1,-0.058824,0.5,0.17582,-1,1,0.33333,-0.33333,0.33333,-0.071429,1,-0.33333,1,1,-1,1,-1,1,-1,-1,1,-1,-1
2,-1,1,-0.41176,0,-0.85714,-0.5,-0.5,1,0.33333,-1,-0.5,1,-1,-1,1,-1,1,-1,1,-1,-1,1,-1,-1
2,-1,1,-0.82353,0,-0.92308,1,0.5,-0.33333,0.33333,-0.33333,-0.25,1,-1,-1,1,-1,-1,-1,1,-1,-1,1,-1,-1
2,-1,1,-0.67647,1,-0.65934,-1,0,0.33333,-0.33333,1,-0.67857,1,-1,-1,1,-1,-1,-1,1,-1,-1,-1,-1,-1
2,1,-1,-0.67647,0,-0.58242,-1,0,-0.33333,-0.33333,-0.33333,-0.64286,1,-1,-1,1,-1,1,-1,1,-1,-1,1,-1,-1
2,-1,1,-0.85294,0,-0.62637,-0.5,0,0.33333,-0.33333,-1,-0.75,1,-1,1,-1,1,1,-1,-1,-1,1,-1,-1,-1
2,-1,1,-0.41176,1,-0.38462,0.5,0,0.33333,-0.33333,-1,-0.71429,1,-0.33333,-1,-1,-1,-1,1,1,-1,-1,1,-1,-1
2,1,1,-0.58824,0.5,-0.78022,-1,0,1,-0.33333,0.33333,-0.67857,1,-1,-1,1,-1,-1,-1,1,-1,-1,1,-1,-1
2,1,-1,-0.41176,0,-0.75824,-1,-0.5,-0.33333,1,-1,-0.42857,1,-1,-1,1,-1,-1,-1,1,-1,-1,1,-1,-1
1,-1,1,-0.32353,1,-0.52747,0.5,-0.5,0.33333,-0.33333,-1,-0.53571,0,-0.33333,1,1,-1,-1,-1,1,-1,-1,1,-1,1
1,1,1,-0.82353,0,-0.78022,-1,0,0.33333,-0.33333,-1,-0.78571,-1,-1,-1,-1,-1,-1,-1,1,-1,1,-1,-1,1
2,-1,1,-0.67647,0,-0.78022,0,0,-0.33333,1,0.33333,-0.96429,1,-1,-1,-1,-1,-1,-1,1,-1,1,-1,-1,-1
2,-1,-1,-0.58824,0,-0.75824,-1,-0.5,-0.33333,-1,0.33333,-0.71429,0,-1,-1,-1,-1,-1,-1,1,-1,-1,1,-1,-1
2,-1,1,-0.76471,1,-0.65934,-1,1,0.33333,1,-0.33333,-0.17857,0,-1,-1,-1,-1,-1,-1,1,-1,-1,1,-1,-1
2,-1,1,-0.058824,0,-0.20879,1,1,0.33333,-0.33333,-0.33333,-0.35714,1,-0.33333,-1,-1,-1,-1,-1,1,-1,-1,1,-1,-1
2,-1,-1,-0.76471,0,-0.94505,-1,1,-0.33333,1,-0.33333,-0.82143,1,-1,-1,-1,-1,-1,-1,1,-1,1,-1,-1,-1
2,-1,1,-0.058824,0.5,-0.17582,0,0.5,-0.33333,1,0.33333,-0.25,1,-0.33333,-1,1,-1,-1,-1,1,-1,-1,1,-1,-1
2,-1,0.33333,-0.94118,1,-0.87912,-1,1,0.33333,1,-1,-0.035714,1,-0.33333,1,-1,1,1,-1,1,-1,-1,1,-1,-1
2,-1,-1,-0.41176,1,-0.86813,-0.5,0.5,0.33333,-1,-1,-0.75,1,-0.33333,-1,1,-1,-1,-1,1,-1,-1,1,-1,-1
2,-1,1,-0.67647,0,-0.92308,1,-0.5,-0.33333,-1,-1,-0.82143,1,-1,-1,-1,-1,-1,-1,1,-1,-1,1,-1,-1
1,-1,-1,-0.76471,0,-0.62637,-1,0,0.33333,-0.33333,-0.33333,-0.64286,1,-1,1,-1,-1,-1,-1,-1,1,-1,1,-1,1
2,-1,-0.33333,-0.79412,1,-0.87912,0.5,0,-0.33333,1,0.33333,-0.25,1,-0.33333,-1,-1,-1,1,-1,1,-1,-1,1,-1,-1
1,-1,-1,-0.58824,-0.5,-0.81319,-1,-0.5,0.33333,1,1,-0.39286,-1,-1,-1,1,-1,-1,-1,-1,1,-1,-1,-1,-1
2,-1,1,-0.058824,0,-0.62637,-1,1,0.33333,-0.33333,0.33333,-0.67857,1,-1,-1,-1,-1,-1,-1,1,-1,-1,1,-1,-1
1,1,-1,-0.85294,0,-0.86813,-1,-0.5,0.33333,-0.33333,1,-0.71429,1,-1,-1,1,-1,1,-1,1,-1,-1,-1,-1,-1
2,-1,1,-0.23529,1,-0.28571,1,0.5,0.33333,0.33333,-0.33333,-0.39286,1,-0.33333,-1,-1,-1,-1,-1,1,-1,-1,1,-1,-1
1,-1,1,-0.41176,0,-0.16484,-1,0.5,0.33333,0.33333,0.33333,-0.32143,1,-1,-1,1,-1,-1,1,1,-1,-1,1,-1,-1
2,-1,1,-0.41176,0,0,1,0,-1,1,1,0.035714,1,-1,-1,1,-1,-1,1,1,-1,-1,-1,-1,-1
2,-1,-0.33333,-0.23529,1,-0.78022,1,1,0.33333,1,-1,-0.39286,1,-0.33333,-1,-1,-1,1,-1,1,-1,-1,1,-1,-1
1,-1,1,-0.58824,1,-0.9011,-1,-1,-0.33333,1,0.33333,0.64286,1,-0.33333,-1,-1,-1,-1,-1,1,-1,-1,1,1,-1
2,1,-0.33333,-0.41176,0,-0.57143,-1,0.5,-1,0.33333,0.33333,-0.14286,1,-1,-1,1,-1,-1,-1,1,-1,-1,1,-1,-1
2,1,-1,-0.76471,0,-0.93407,-1,-0.5,-0.33333,1,-0.33333,0.21429,1,-1,-1,-1,-1,-1,-1,1,-1,-1,1,-1,-1
2,-1,-0.33333,-0.41176,1,-0.71429,1,0.5,0.33333,0.33333,1,-0.46429,1,-0.33333,1,1,-1,-1,-1,1,-1,-1,1,-1,-1
2,1,-0.33333,0.29412,0,0.7033,-1,0,0.33333,-0.33333,0.33333,-0.85714,1,-1,-1,1,-1,-1,-1,1,-1,-1,1,-1,-1
1,-1,1,-0.058824,1,-0.2967,-1,1,0.33333,1,0.33333,-0.46429,1,-0.33333,-1,1,-1,1,-1,1,-1,-1,1,-1,-1
2,-1,1,-0.29412,-0.5,-0.16484,1,-0.5,0.33333,1,-1,-0.25,-1,-0.33333,1,1,-1,-1,1,-1,-1,1,-1,-1,-1
1,-1,-1,-0.32353,1,-0.75824,-1,1,0.33333,1,0.33333,-0.14286,0,1,1,1,-1,-1,-1,1,-1,-1,1,-1,-1
2,-1,1,-0.67647,1,-0.82418,-1,1,0.33333,1,0.33333,-0.035714,1,-0.33333,-1,1,-1,-1,-1,1,-1,-1,1,-1,-1
1,-1,-1,-0.76471,1,-0.78022,-1,0,0.33333,1,-0.33333,-0.32143,-1,-0.33333,-1,-1,1,1,-1,1,-1,-1,1,-1,1
2,-1,-0.33333,-0.058824,1,-0.38462,-1,0,0.33333,1,0.33333,-0.46429,1,-0.33333,-1,1,-1,-1,1,1,-1,-1,1,-1,-1
2,-1,1,-0.58824,1,-0.89011,1,0,0.33333,0.33333,-0.33333,-0.64286,1,-0.33333,-1,1,-1,-1,-1,1,-1,-1,1,-1,-1
1,-1,1,-0.058824,0.5,-0.043956,1,0.5,0.33333,-0.33333,0.33333,-0.57143,0,-1,1,1,-1,-1,1,1,-1,-1,1,-1,-1
1,-1,-1,-0.5,0,-0.73626,-1,-0.5,-0.33333,1,-0.33333,-0.67857,1,-1,-1,1,-1,-1,-1,1,-1,1,-1,-1,-1
2,-1,1,-0.76471,1,-0.84615,0.5,0.5,-0.33333,-0.33333,-0.33333,-0.42857,1,-1,-1,-1,1,-1,-1,1,-1,-1,1,-1,-1
1,-1,1,-0.67647,0,-0.78022,1,0.5,-0.33333,1,-1,-0.5,-1,-1,-1,-1,-1,-1,-1,1,-1,1,-1,-1,1
2,1,-1,-0.58824,0,-0.56044,-1,0,0.33333,0.33333,0.33333,-0.17857,1,-1,-1,-1,-1,-1,-1,-1,1,-1,1,-1,-1
2,1,-1,-0.64706,1,-0.73626,-1,1,0.33333,1,-0.33333,-0.14286,-1,-1,-1,1,-1,1,-1,-1,-1,1,-1,-1,-1
2,-1,1,-0.52941,1,-0.63736,1,-0.5,-1,1,-1,-0.10714,1,-0.33333,-1,1,-1,1,-1,1,-1,-1,1,-1,-1
2,-1,1,-0.058824,1,0.13187,1,1,0.33333,1,1,-0.17857,1,-0.33333,-1,-1,-1,-1,1,1,-1,-1,-1,-1,-1
2,-1,1,-0.67647,0,-0.86813,1,0,1,-0.33333,-1,-0.25,1,-1,-1,1,-1,-1,-1,1,-1,1,-1,-1,-1
1,-1,1,-0.41176,0,-0.87912,-1,1,0.33333,-1,-1,-0.39286,1,-1,-1,1,-1,-1,-1,1,-1,-1,1,-1,-1
1,-1,-1,-0.76471,0,-0.9011,-1,0,0.33333,-0.33333,-1,-0.96429,1,-1,1,1,-1,-1,-1,1,-1,1,-1,-1,-1
1,-1,-1,-0.5,0,-0.6044,1,0.5,0.33333,-0.33333,-1,-0.82143,1,-1,-1,-1,1,1,-1,-1,1,-1,1,-1,1
2,-1,-0.33333,-0.058824,0,-0.61538,1,0,1,-0.33333,0.33333,-0.71429,1,-1,-1,-1,-1,-1,-1,1,-1,-1,1,-1,-1
1,-1,1,-0.67647,0.5,-0.62637,-1,-0.5,-0.33333,-0.33333,-0.33333,-0.035714,1,-0.33333,-1,-1,-1,-1,1,1,-1,-1,1,-1,1
1,-1,-0.33333,-0.85294,0,-0.67033,1,0,-0.33333,-0.33333,-1,-0.5,1,-1,-1,-1,-1,1,-1,1,-1,-1,1,-1,1
2,-1,1,-0.058824,0.5,-0.52747,-1,0,-0.33333,1,-1,-0.46429,1,-0.33333,-1,-1,-1,-1,-1,1,-1,-1,1,-1,-1
1,1,-0.33333,-0.41176,1,-0.50549,-1,-0.5,-0.33333,1,0.33333,-0.78571,-1,-1,-1,-1,-1,-1,-1,1,-1,-1,1,-1,1
2,-1,-0.33333,-0.23529,0,-0.69231,1,1,-0.33333,1,0.33333,-0.78571,1,-1,-1,-1,-1,-1,-1,1,-1,-1,1,-1,-1
2,-1,1,-0.79412,0,-0.79121,0.5,1,-1,-0.33333,-1,-0.67857,1,-1,-1,1,-1,-1,-1,1,-1,-1,1,-1,-1
2,1,-1,-0.41176,-0.5,-0.67033,-1,0,0.33333,-0.33333,-0.33333,-0.57143,1,-1,-1,1,-1,-1,-1,1,-1,1,-1,-1,-1
1,1,-0.33333,0.29412,-1,1,-1,0,-0.33333,-0.33333,-0.33333,-0.53571,-1,-1,-1,1,1,-1,-1,1,-1,-1,1,-1,-1
2,-1,1,-0.82353,0,-0.71429,-0.5,0,0.33333,-0.33333,-1,-0.53571,1,-1,1,-1,-1,-1,1,-1,1,-1,1,-1,-1
1,1,-1,-0.94118,0,0.61538,-1,1,0.33333,1,1,0.75,-1,-1,-1,1,-1,1,-1,1,-1,-1,1,-1,-1
2,1,-1,-0.41176,0,-0.75824,-0.5,-1,-1,-1,-0.33333,-0.5,1,-1,-1,-1,-1,-1,-1,1,-1,-1,1,-1,-1
1,1,-1,-0.41176,0,-0.65934,-1,1,0.33333,-0.33333,-0.33333,-0.28571,1,-1,-1,1,-1,-1,-1,1,-1,1,-1,-1,-1
2,-1,1,-0.58824,1,-0.82418,-1,0,-0.33333,-0.33333,1,-0.67857,1,-0.33333,-1,-1,-1,-1,-1,1,-1,-1,1,-1,-1
1,-1,1,0.29412,0.5,0.37363,0,0.5,0.33333,-1,0.33333,-0.35714,1,-1,-1,1,-1,-1,-1,1,-1,-1,1,-1,-1
2,1,-1,-0.85294,0,-0.86813,-1,-0.5,-0.33333,1,-0.33333,-0.89286,1,-1,-1,-1,-1,-1,-1,1,-1,1,-1,-1,-1
2,-1,-0.33333,-0.76471,0,-0.8022,-1,0.5,0.33333,1,-0.33333,-0.60714,1,-1,1,1,-1,1,-1,1,-1,1,-1,-1,-1
2,1,-1,-0.41176,-0.5,-0.26374,-1,-0.5,-1,-1,-0.33333,0.28571,-1,-1,-1,1,-1,-1,-1,1,-1,-1,1,-1,-1
2,1,-1,-0.76471,-0.5,-0.94505,-1,-0.5,0.33333,-0.33333,0.33333,-0.035714,-1,-0.33333,-1,1,-1,1,-1,1,-1,-1,1,-1,-1
2,-1,-1,-0.58824,1,-0.91209,-1,-0.5,-0.33333,1,-0.33333,-0.92857,1,-1,-1,-1,-1,-1,-1,1,-1,1,-1,-1,-1
2,1,-1,0.29412,0,0.10989,-1,0.5,0.33333,1,1,-0.28571,0,0.33333,1,1,-1,-1,1,1,-1,-1,-1,-1,-1
2,-1,1,-0.23529,0,-0.81319,1,1,0.33333,1,0.33333,0.39286,1,-1,-1,1,-1,-1,-1,1,-1,-1,1,-1,-1
1,-1,-1,-0.76471,0.5,-0.87912,-1,0,0.33333,-0.33333,-1,-0.14286,1,-0.33333,1,-1,-1,1,-1,1,-1,-1,1,-1,1
1,-1,-1,-0.41176,0,-0.83516,-1,-0.5,0.33333,-1,-0.33333,-0.82143,1,-1,-1,-1,1,-1,-1,-1,1,-1,1,-1,1
2,1,-0.33333,-0.85294,0,-0.83516,-1,-0.5,-0.33333,-0.33333,0.33333,-0.89286,1,-1,-1,1,-1,-1,-1,1,-1,-1,1,-1,-1
2,-1,1,-0.85294,1,-0.89011,-1,0,0.33333,-1,-1,-0.60714,1,-0.33333,-1,-1,-1,1,-1,1,-1,-1,1,-1,-1
2,-1,1,-0.76471,1,-0.96703,0,1,0.33333,1,-0.33333,-0.17857,1,-0.33333,1,1,-1,-1,-1,1,-1,-1,1,-1,-1
2,-1,-1,-0.76471,0,-0.85714,-1,0,-0.33333,-1,0.33333,-0.85714,-1,-1,-1,-1,-1,-1,-1,1,-1,-1,1,-1,-1
1,1,-0.33333,-0.23529,0.5,-0.81319,-0.5,-0.5,0.33333,0.33333,1,-0.60714,0,-0.33333,-1,-1,-1,-1,-1,1,-1,-1,1,-1,-1
1,1,0.33333,-0.85294,0,-0.94505,-1,0,-0.33333,-0.33333,-1,-0.67857,1,-1,-1,-1,-1,-1,-1,1,-1,-1,1,-1,1
1,-1,-0.33333,-0.94118,0,-0.79121,-1,-0.5,1,0.33333,0.33333,-0.60714,1,-1,-1,1,-1,-1,-1,1,-1,1,-1,-1,-1
2,1,-0.33333,0.64706,0,-0.32967,-1,0,0.33333,1,1,-0.17857,1,-1,-1,-1,-1,-1,-1,1,-1,-1,-1,-1,-1
1,-1,1,-0.41176,1,-0.27473,1,0,0.33333,1,-0.33333,-0.035714,1,-0.33333,1,1,-1,-1,1,1,-1,-1,1,-1,-1
1,-1,1,-0.76471,0,-0.63736,1,-0.5,0.33333,0.33333,-0.33333,-0.071429,1,-1,1,1,-1,1,-1,1,-1,-1,1,-1,-1
1,-1,1,-0.82353,0,-0.85714,-1,0,0.33333,-0.33333,-1,-0.57143,1,-1,1,-1,1,1,-1,1,-1,-1,1,-1,1
2,-1,1,-0.41176,0,-0.92308,1,0.5,0.33333,-0.33333,0.33333,-0.57143,0,-1,-1,1,-1,-1,-1,1,-1,-1,1,-1,-1
1,-1,1,-1,1,-0.85714,-1,0.5,0.33333,-1,-1,-0.17857,1,0.33333,1,-1,-1,1,-1,1,-1,-1,1,-1,1
2,-1,-1,-0.67647,0,-0.82418,-1,-0.5,-0.33333,-1,-0.33333,-0.035714,1,-1,-1,-1,-1,-1,-1,-1,-1,1,-1,-1,-1
2,-1,-0.33333,0.29412,-1,-0.098901,0,-0.5,-0.33333,-1,0.33333,-0.60714,1,-0.33333,-1,-1,-1,1,-1,1,-1,-1,1,-1,-1
2,1,-1,-0.41176,-0.5,-0.65934,0,-0.5,0.33333,1,1,-0.60714,1,-1,1,1,-1,-1,-1,1,-1,-1,-1,-1,-1
1,-1,1,-0.76471,0,-0.7033,1,-1,0.33333,1,1,-0.32143,1,-1,-1,1,-1,1,-1,1,-1,-1,1,-1,-1
1,1,1,-0.58824,0,-0.85714,-1,-0.5,1,-1,-0.33333,-0.14286,1,-1,1,-1,-1,-1,-1,-1,1,-1,1,-1,1
2,1,1,-0.41176,0,-0.62637,-0.5,1,0.33333,1,0.33333,-0.57143,1,-0.33333,-1,-1,-1,-1,-1,1,-1,-1,1,-1,-1
1,-1,-0.33333,-0.58824,1,-0.62637,-1,-1,1,0.33333,0.33333,-0.25,1,0.33333,1,1,-1,-1,-1,1,-1,-1,1,1,-1
2,1,-1,-0.058824,0.5,-0.79121,-1,0.5,0.33333,-1,0.33333,-0.82143,1,-0.33333,-1,1,-1,-1,-1,1,-1,-1,1,-1,-1
2,1,-0.33333,-0.41176,0,-0.57143,0,-0.5,-0.33333,1,0.33333,-0.67857,1,-1,-1,-1,-1,-1,1,1,-1,1,-1,-1,-1
1,1,1,-0.058824,0,0.18681,-1,-1,-0.33333,-0.33333,0.33333,-0.75,1,-0.33333,-1,1,-1,-1,-1,1,-1,-1,1,-1,-1
2,-1,-1,-0.76471,0,-0.81319,-1,0,-0.33333,1,-0.33333,-0.64286,1,-1,-1,1,-1,1,-1,-1,-1,-1,1,-1,-1
1,-1,-1,-0.41176,1,-0.89011,0.5,1,-0.33333,1,-0.33333,0.35714,1,-0.33333,-1,1,-1,-1,-1,1,-1,1,-1,-1,-1
1,-1,0.33333,-0.23529,1,-0.61538,1,1,0.33333,1,-0.33333,0.071429,0,-0.33333,-1,-1,-1,-1,-1,1,-1,-1,1,-1,1
1,-1,-0.33333,-0.85294,1,-0.89011,-1,1,0.33333,1,-1,-0.35714,1,0.33333,-1,-1,-1,-1,-1,1,-1,-1,1,-1,1
1,1,-1,-0.29412,0,-0.58242,-1,0,0.33333,-0.33333,0.33333,-0.071429,1,-1,-1,-1,-1,1,-1,1,-1,-1,1,-1,1
2,-1,-0.33333,-0.41176,0,-0.68132,-0.5,1,0.33333,1,1,-0.60714,1,-1,-1,-1,-1,-1,-1,1,-1,-1,-1,-1,-1
2,-1,1,-0.94118,1,-0.83516,-1,1,1,-0.33333,-1,-0.60714,1,-0.33333,-1,-1,-1,-1,-1,1,-1,1,-1,-1,-1
2,-1,-0.33333,-0.5,0.5,-0.75824,-1,0,-1,1,-0.33333,0,1,-0.33333,-1,-1,-1,1,-1,1,-1,-1,1,-1,-1
2,-1,1,-0.67647,0,-0.62637,1,0,0.33333,-0.33333,1,-0.64286,1,-1,-1,-1,-1,1,-1,1,-1,-1,1,-1,-1
2,1,1,-0.41176,0,-0.75824,0,1,0.33333,-0.33333,0.33333,-0.42857,-1,-0.33333,-1,1,-1,-1,-1,1,-1,-1,1,-1,-1
1,-1,-0.33333,-0.94118,0,-0.96703,-1,-0.5,1,-1,-0.33333,-0.89286,1,-1,-1,-1,-1,-1,-1,1,-1,-1,1,-1,1
2,-1,-0.33333,-0.23529,0,-0.83516,1,0,-0.33333,-1,0.33333,-0.75,1,-1,-1,-1,-1,-1,-1,1,-1,-1,1,-1,-1
1,1,-0.33333,-0.32353,1,-0.74725,0,0,0.33333,-0.33333,-0.33333,-0.85714,1,-0.33333,-1,-1,-1,-1,-1,1,-1,-1,1,-1,1
1,-1,1,-0.67647,0,-0.62637,-1,1,-0.33333,-0.33333,0.33333,0.25,-1,-1,-1,1,-1,-1,-1,1,-1,1,-1,-1,-1
2,-1,1,0.11765,0,-0.23077,1,0.5,1,1,-0.33333,-0.64286,1,-1,-1,1,-1,-1,-1,1,-1,1,-1,-1,-1
1,-1,-1,-0.79412,1,-0.59341,-1,0,0.33333,-0.33333,-1,-0.25,1,-0.33333,1,-1,-1,1,-1,1,-1,-1,1,-1,1
2,-1,-0.33333,-0.67647,0,-0.85714,-0.5,0,0.33333,-0.33333,-1,-0.89286,1,-1,-1,-1,-1,-1,-1,-1,-1,-1,1,-1,-1
1,-1,1,-0.41176,0,-0.20879,-1,0,0.33333,1,-0.33333,-0.14286,1,-1,1,-1,-1,1,-1,1,-1,-1,1,-1,1
1,1,-1,-0.41176,-0.5,-0.89011,-1,-1,-0.33333,1,1,-0.64286,1,-0.33333,-1,-1,-1,1,-1,-1,1,1,-1,1,-1
2,1,-1,0.64706,0,-0.21978,-1,1,0.33333,1,1,-0.39286,1,-1,-1,-1,-1,-1,-1,-1,1,1,-1,-1,-1
2,-1,1,-0.23529,1,-0.71429,-1,0,-0.33333,-0.33333,0.33333,-0.5,1,-1,-1,1,-1,-1,-1,1,-1,-1,1,-1,-1
1,-1,0.33333,-0.41176,0,-0.87912,0,0,-0.33333,0.33333,0.33333,0.35714,1,-1,-1,-1,-1,-1,-1,1,-1,-1,1,-1,1
2,-1,-0.33333,-0.94118,0,-0.93407,-1,0,-0.33333,0.33333,-1,0.60714,1,-1,-1,-1,-1,-1,-1,-1,-1,-1,1,-1,-1
2,-1,-0.33333,-0.58824,0.5,-0.75824,1,1,0.33333,-0.33333,-0.33333,-0.17857,1,-0.33333,-1,-1,-1,-1,-1,1,-1,-1,1,-1,-1
1,1,1,-0.41176,0.5,-0.74725,-1,1,0.33333,1,0.33333,0,1,-0.33333,1,-1,-1,1,-1,1,-1,-1,1,-1,1
2,1,-0.33333,-0.67647,-0.5,-0.87912,-0.5,0,1,-0.33333,-0.33333,-0.78571,1,-1,-1,-1,-1,1,-1,1,-1,1,-1,-1,-1
2,1,-0.33333,-0.23529,1,-0.098901,-1,0.5,0.33333,-0.33333,-0.33333,0.071429,1,-1,-1,-1,-1,-1,-1,1,-1,-1,1,-1,-1
1,1,1,0.29412,0,-0.49451,-1,-1,0.33333,-0.33333,0.33333,-0.5,-1,-1,-1,1,-1,-1,-1,1,-1,1,-1,-1,-1
1,-1,0.33333,-0.5,0,-0.7033,-0.5,0,-0.33333,-1,0.33333,-0.67857,-1,-1,-1,1,-1,1,-1,1,-1,-1,1,-1,-1
2,1,-1,-0.058824,0,-0.12088,-1,0,0.33333,-0.33333,-0.33333,-0.75,1,-1,1,-1,-1,-1,1,1,-1,-1,1,-1,-1
1,-1,1,-0.41176,1,-0.8022,-1,0.5,0.33333,-0.33333,-0.33333,-0.60714,1,-0.33333,-1,-1,-1,-1,-1,1,-1,-1,1,-1,1
2,-1,-1,-0.67647,1,-0.86813,-1,0,-0.33333,0.33333,-0.33333,-0.78571,1,-0.33333,-1,-1,-1,-1,-1,1,-1,1,-1,-1,-1
2,-1,0.33333,0.11765,-1,-0.32967,-1,-0.5,-1,-1,-0.33333,-0.5,1,-0.33333,-1,-1,-1,-1,-1,1,-1,-1,1,-1,-1
2,-1,1,-0.73529,0,-0.86813,-0.5,-1,-0.33333,1,-1,0.60714,1,-1,-1,-1,-1,-1,-1,1,-1,-1,1,-1,-1
1,-1,-1,-0.41176,0,-0.2967,-1,-1,0.33333,-0.33333,1,-0.64286,1,-1,-1,1,-1,-1,1,1,-1,-1,-1,-1,-1
1,-1,-0.33333,-0.41176,1,-0.83516,-1,1,0.33333,-0.33333,-0.33333,0.035714,1,-0.33333,-1,-1,-1,-1,-1,1,-1,-1,1,-1,1
1,-1,1,-0.76471,1,-0.62637,1,-0.5,0.33333,-1,-0.33333,-0.35714,1,-0.33333,1,-1,-1,-1,-1,1,-1,-1,1,-1,1
1,-1,1,-0.67647,-0.5,-0.84615,-0.5,1,0.33333,1,0.33333,-0.46429,-1,-1,1,-1,-1,-1,-1,1,-1,-1,1,-1,1
1,-1,-1,-0.58824,0,-0.81319,1,0.5,1,1,0.33333,-0.85714,1,-0.33333,-1,-1,-1,-1,-1,1,-1,1,-1,-1,1
1,-1,-1,-0.058824,0,-0.58242,-1,-1,0.33333,0.33333,-0.33333,-0.60714,1,-1,-1,1,-1,-1,-1,1,-1,-1,1,-1,-1
2,-1,1,-0.76471,0,-0.75824,1,1,0.33333,0.33333,0.33333,0.10714,1,-1,-1,1,-1,1,-1,1,-1,-1,1,-1,-1
1,-1,1,-0.76471,0,-0.83516,-1,0.5,-0.33333,1,-1,-0.57143,1,-1,-1,-1,-1,-1,-1,1,-1,-1,1,-1,1
1,-1,-1,-0.23529,0,-0.59341,-1,0,-1,1,-0.33333,-0.25,1,-1,-1,1,-1,-1,1,1,-1,-1,1,-1,-1
2,-1,1,-0.76471,0,-0.93407,-1,1,0.33333,1,0.33333,-0.32143,1,-1,-1,-1,-1,-1,-1,1,-1,-1,1,-1,-1
2,1,-1,0.20588,0,-0.82418,-1,0,0.33333,1,1,-0.85714,1,-1,-1,1,-1,-1,-1,1,-1,-1,-1,-1,-1
2,-1,-0.33333,0.20588,1,-0.51648,-0.5,-1,0.33333,1,0.33333,-0.71429,1,-1,-1,-1,-1,-1,1,1,-1,-1,1,-1,-1
